Qu You	Qu You	http://fr.dbpedia.org/resource/Qu_You	http://dbpedia.org/resource/Qu_You
Quentin Boesso	Quentin Boesso	http://fr.dbpedia.org/resource/Quentin_Boesso
Boesso	Quentin Boesso	http://fr.dbpedia.org/resource/Quentin_Boesso
Quentin Meillassoux	Quentin Meillassoux	http://fr.dbpedia.org/resource/Quentin_Meillassoux	http://dbpedia.org/resource/Quentin_Meillassoux
Quentin Dickinson	Quentin Dickinson	http://fr.dbpedia.org/resource/Quentin_Dickinson
Quirino Gasparini	Quirino Gasparini	http://fr.dbpedia.org/resource/Quirino_Gasparini	http://dbpedia.org/resource/Quirino_Gasparini
Quiterio Olmedo	Quiterio Olmedo	http://fr.dbpedia.org/resource/Quiterio_Olmedo	http://dbpedia.org/resource/Quiterio_Olmedo
Quentin Doumayrou	Quentin Doumayrou	http://fr.dbpedia.org/resource/Quentin_Doumayrou
Quincy Promes	Quincy Promes	http://fr.dbpedia.org/resource/Quincy_Promes	http://dbpedia.org/resource/Quincy_Promes
Quentin Metsys le Jeune	Quentin Metsys le Jeune	http://fr.dbpedia.org/resource/Quentin_Metsys_le_Jeune	http://dbpedia.org/resource/Quentin_Metsys_the_Younger
Quentin Metsys le jeune	Quentin Metsys le Jeune	http://fr.dbpedia.org/resource/Quentin_Metsys_le_Jeune	http://dbpedia.org/resource/Quentin_Metsys_the_Younger
Quade Cooper	Quade Cooper	http://fr.dbpedia.org/resource/Quade_Cooper	http://dbpedia.org/resource/Quade_Cooper
Quinton Ross	Quinton Ross	http://fr.dbpedia.org/resource/Quinton_Ross	http://dbpedia.org/resource/Quinton_Ross
Qazi Ibadur Rahman	Qazi Ibadur Rahman	http://fr.dbpedia.org/resource/Qazi_Ibadur_Rahman
Quentin Rossard	Quentin Rossard	http://fr.dbpedia.org/resource/Quentin_Rossard
Quirinus van Blankenburg	Quirinus van Blankenburg	http://fr.dbpedia.org/resource/Quirinus_van_Blankenburg
Quirinus Van Blankenburg	Quirinus van Blankenburg	http://fr.dbpedia.org/resource/Quirinus_van_Blankenburg
Quentin Mouron	Quentin Mouron	http://fr.dbpedia.org/resource/Quentin_Mouron
Quirine Oosterveld	Quirine Oosterveld	http://fr.dbpedia.org/resource/Quirine_Oosterveld
Quentin Robinot	Quentin Robinot	http://fr.dbpedia.org/resource/Quentin_Robinot
Quin Snyder	Quin Snyder	http://fr.dbpedia.org/resource/Quin_Snyder	http://dbpedia.org/resource/Quin_Snyder
Qian Chenghai	Qian Chenghai	http://fr.dbpedia.org/resource/Qian_Chenghai
Questlove	Questlove	http://fr.dbpedia.org/resource/Questlove	http://dbpedia.org/resource/Questlove
Ahmir Khalib Thompson	Questlove	http://fr.dbpedia.org/resource/Questlove	http://dbpedia.org/resource/Questlove
Ahmir-Khalib Thompson	Questlove	http://fr.dbpedia.org/resource/Questlove	http://dbpedia.org/resource/Questlove
Ahmir Thompson	Questlove	http://fr.dbpedia.org/resource/Questlove	http://dbpedia.org/resource/Questlove
?uestlove	Questlove	http://fr.dbpedia.org/resource/Questlove	http://dbpedia.org/resource/Questlove
Ahmir '?uestlove' Thompson	Questlove	http://fr.dbpedia.org/resource/Questlove	http://dbpedia.org/resource/Questlove
Quinlan Vos	Quinlan Vos	http://fr.dbpedia.org/resource/Quinlan_Vos
Quentin Westberg	Quentin Westberg	http://fr.dbpedia.org/resource/Quentin_Westberg	http://dbpedia.org/resource/Quentin_Westberg
Quentin Nauroy	Quentin Nauroy	http://fr.dbpedia.org/resource/Quentin_Nauroy
Quang Dũng	Quang Dũng	http://fr.dbpedia.org/resource/Quang_Dũng
Quim Barreiros	Quim Barreiros	http://fr.dbpedia.org/resource/Quim_Barreiros	http://dbpedia.org/resource/Quim_Barreiros
Quim barreiro	Quim Barreiros	http://fr.dbpedia.org/resource/Quim_Barreiros	http://dbpedia.org/resource/Quim_Barreiros
Quim Barreiro	Quim Barreiros	http://fr.dbpedia.org/resource/Quim_Barreiros	http://dbpedia.org/resource/Quim_Barreiros
Quim Qarreiro	Quim Barreiros	http://fr.dbpedia.org/resource/Quim_Barreiros	http://dbpedia.org/resource/Quim_Barreiros
Quim barreiros	Quim Barreiros	http://fr.dbpedia.org/resource/Quim_Barreiros	http://dbpedia.org/resource/Quim_Barreiros
Qabus ibn Saïd	Qabus ibn Saïd	http://fr.dbpedia.org/resource/Qabus_ibn_Saïd	http://dbpedia.org/resource/Qaboos_bin_Said_al_Said
Qabus ibn Said	Qabus ibn Saïd	http://fr.dbpedia.org/resource/Qabus_ibn_Saïd	http://dbpedia.org/resource/Qaboos_bin_Said_al_Said
Qaboos ibn Said	Qabus ibn Saïd	http://fr.dbpedia.org/resource/Qabus_ibn_Saïd	http://dbpedia.org/resource/Qaboos_bin_Said_al_Said
Qabus ibn said	Qabus ibn Saïd	http://fr.dbpedia.org/resource/Qabus_ibn_Saïd	http://dbpedia.org/resource/Qaboos_bin_Said_al_Said
Qaboos	Qabus ibn Saïd	http://fr.dbpedia.org/resource/Qabus_ibn_Saïd	http://dbpedia.org/resource/Qaboos_bin_Said_al_Said
Qabous ibn Said	Qabus ibn Saïd	http://fr.dbpedia.org/resource/Qabus_ibn_Saïd	http://dbpedia.org/resource/Qaboos_bin_Said_al_Said
Quincy Owusu-Abeyie	Quincy Owusu Abeyie	http://fr.dbpedia.org/resource/Quincy_Owusu-Abeyie	http://dbpedia.org/resource/Quincy_Owusu-Abeyie
Quincy owusu-abeyie	Quincy Owusu Abeyie	http://fr.dbpedia.org/resource/Quincy_Owusu-Abeyie	http://dbpedia.org/resource/Quincy_Owusu-Abeyie
Quincy Owusu-abeyie	Quincy Owusu Abeyie	http://fr.dbpedia.org/resource/Quincy_Owusu-Abeyie	http://dbpedia.org/resource/Quincy_Owusu-Abeyie
Quentin Lafargue	Quentin Lafargue	http://fr.dbpedia.org/resource/Quentin_Lafargue	http://dbpedia.org/resource/Quentin_Lafargue
Quinn James	Quinn James	http://fr.dbpedia.org/resource/Quinn_James	http://dbpedia.org/resource/Quinn_James
Quinn James Evans	Quinn James	http://fr.dbpedia.org/resource/Quinn_James	http://dbpedia.org/resource/Quinn_James
Quinn Porter	Quinn Porter	http://fr.dbpedia.org/resource/Quinn_Porter	http://dbpedia.org/resource/Quinn_Porter
Quentin de Parseval	Quentin de Parseval	http://fr.dbpedia.org/resource/Quentin_de_Parseval	http://dbpedia.org/resource/Quentin_de_Parseval
Quentin De Parseval	Quentin de Parseval	http://fr.dbpedia.org/resource/Quentin_de_Parseval	http://dbpedia.org/resource/Quentin_de_Parseval
Quintin Laing	Quintin Laing	http://fr.dbpedia.org/resource/Quintin_Laing	http://dbpedia.org/resource/Quintin_Laing
Qâ	Qâ	http://fr.dbpedia.org/resource/Qâ	http://dbpedia.org/resource/Qa'a
Horus Qa-A	Qâ	http://fr.dbpedia.org/resource/Qâ	http://dbpedia.org/resource/Qa'a
Qa'a	Qâ	http://fr.dbpedia.org/resource/Qâ	http://dbpedia.org/resource/Qa'a
Qaâ	Qâ	http://fr.dbpedia.org/resource/Qâ	http://dbpedia.org/resource/Qa'a
Horus Qâ	Qâ	http://fr.dbpedia.org/resource/Qâ	http://dbpedia.org/resource/Qa'a
Quesnel Alphonse	Quesnel Alphonse	http://fr.dbpedia.org/resource/Quesnel_Alphonse
Quique Andreu	Quique Andreu	http://fr.dbpedia.org/resource/Quique_Andreu
Qiao Guanhua	Qiao Guanhua	http://fr.dbpedia.org/resource/Qiao_Guanhua	http://dbpedia.org/resource/Qiao_Guanhua
Quinn Sullivan	Quinn Sullivan	http://fr.dbpedia.org/resource/Quinn_Sullivan	http://dbpedia.org/resource/Quinn_Sullivan
Quentin Pépy	Quentin Pépy	http://fr.dbpedia.org/resource/Quentin_Pépy
Quentin Pepy	Quentin Pépy	http://fr.dbpedia.org/resource/Quentin_Pépy
Quentin Mahier	Quentin Mahier	http://fr.dbpedia.org/resource/Quentin_Mahier
Qixin Zhong	Qixin Zhong	http://fr.dbpedia.org/resource/Qixin_Zhong
Quiétus	Quiétus	http://fr.dbpedia.org/resource/Quiétus	http://dbpedia.org/resource/Quietus
Quietus	Quiétus	http://fr.dbpedia.org/resource/Quiétus	http://dbpedia.org/resource/Quietus
Quentin Ménard	Quentin Ménard	http://fr.dbpedia.org/resource/Quentin_Ménard
Quentin Iglehart-Summers	Quentin Iglehart Summers	http://fr.dbpedia.org/resource/Quentin_Iglehart-Summers
Qi (empereur)	Qi (empereur)	http://fr.dbpedia.org/resource/Qi_(empereur)	http://dbpedia.org/resource/Qi_of_Xia
Qi	Qi (empereur)	http://fr.dbpedia.org/resource/Qi_(empereur)	http://dbpedia.org/resource/Qi_of_Xia
Yu Qi	Qi (empereur)	http://fr.dbpedia.org/resource/Qi_(empereur)	http://dbpedia.org/resource/Qi_of_Xia
Quentin Dazeur	Quentin Dazeur	http://fr.dbpedia.org/resource/Quentin_Dazeur
Quentin Tarantino	Quentin Tarantino	http://fr.dbpedia.org/resource/Quentin_Tarantino	http://dbpedia.org/resource/Quentin_Tarantino
Tarrantino	Quentin Tarantino	http://fr.dbpedia.org/resource/Quentin_Tarantino	http://dbpedia.org/resource/Quentin_Tarantino
Quentin Bigot	Quentin Bigot	http://fr.dbpedia.org/resource/Quentin_Bigot	http://dbpedia.org/resource/Quentin_Bigot
Quincey Daniels	Quincey Daniels	http://fr.dbpedia.org/resource/Quincey_Daniels	http://dbpedia.org/resource/Quincey_Daniels
Qiu Jian	Qiu Jian	http://fr.dbpedia.org/resource/Qiu_Jian	http://dbpedia.org/resource/Qiu_Jian_(sport_shooter)
Queen Harrison	Queen Harrison	http://fr.dbpedia.org/resource/Queen_Harrison	http://dbpedia.org/resource/Queen_Harrison
Quentin Beunardeau	Quentin Beunardeau	http://fr.dbpedia.org/resource/Quentin_Beunardeau	http://dbpedia.org/resource/Quentin_Beunardeau
Quincy Jones	Quincy Jones	http://fr.dbpedia.org/resource/Quincy_Jones	http://dbpedia.org/resource/Quincy_Jones
Queen (Saint Seiya)	Queen (Saint Seiya)	http://fr.dbpedia.org/resource/Queen_(Saint_Seiya)
Quentin Bryce	Quentin Bryce	http://fr.dbpedia.org/resource/Quentin_Bryce	http://dbpedia.org/resource/Quentin_Bryce
Qasem Burhan	Qasem Burhan	http://fr.dbpedia.org/resource/Qasem_Burhan	http://dbpedia.org/resource/Qasem_Burhan
Qiu Xiaolong	Qiu Xiaolong	http://fr.dbpedia.org/resource/Qiu_Xiaolong	http://dbpedia.org/resource/Qiu_Xiaolong
Quasimodo (personnage)	Quasimodo (personnage)	http://fr.dbpedia.org/resource/Quasimodo_(personnage)	http://dbpedia.org/resource/Quasimodo
Quinta Steenbergen	Quinta Steenbergen	http://fr.dbpedia.org/resource/Quinta_Steenbergen
Queensy Menig	Queensy Menig	http://fr.dbpedia.org/resource/Queensy_Menig	http://dbpedia.org/resource/Queensy_Menig
Quentin Mosimann	Quentin Mosimann	http://fr.dbpedia.org/resource/Quentin_Mosimann	http://dbpedia.org/resource/Quentin_Mosimann
John Louly	Quentin Mosimann	http://fr.dbpedia.org/resource/Quentin_Mosimann	http://dbpedia.org/resource/Quentin_Mosimann
Quentin Mossiman	Quentin Mosimann	http://fr.dbpedia.org/resource/Quentin_Mosimann	http://dbpedia.org/resource/Quentin_Mosimann
Quavas Kirk	Quavas Kirk	http://fr.dbpedia.org/resource/Quavas_Kirk	http://dbpedia.org/resource/Quavas_Kirk
Quincy Miller	Quincy Miller	http://fr.dbpedia.org/resource/Quincy_Miller	http://dbpedia.org/resource/Quincy_Miller
Qiu Miaojin	Qiu Miaojin	http://fr.dbpedia.org/resource/Qiu_Miaojin	http://dbpedia.org/resource/Qiu_Miaojin
Quincy Shaw	Quincy Shaw	http://fr.dbpedia.org/resource/Quincy_Shaw	http://dbpedia.org/resource/Quincy_Shaw
Qi Hui	Qi Hui	http://fr.dbpedia.org/resource/Qi_Hui	http://dbpedia.org/resource/Qi_Hui
Hui Qi	Qi Hui	http://fr.dbpedia.org/resource/Qi_Hui	http://dbpedia.org/resource/Qi_Hui
Quan Cosby	Quan Cosby	http://fr.dbpedia.org/resource/Quan_Cosby	http://dbpedia.org/resource/Quan_Cosby
Quincy Watts	Quincy Watts	http://fr.dbpedia.org/resource/Quincy_Watts	http://dbpedia.org/resource/Quincy_Watts
Qri	Qri	http://fr.dbpedia.org/resource/Qri	http://dbpedia.org/resource/Qri
Lee Ji-Hyun	Qri	http://fr.dbpedia.org/resource/Qri	http://dbpedia.org/resource/Qri
Q (James Bond)	Q (James Bond)	http://fr.dbpedia.org/resource/Q_(James_Bond)	http://dbpedia.org/resource/Q_(James_Bond)
Major Boothroyd « Q »	Q (James Bond)	http://fr.dbpedia.org/resource/Q_(James_Bond)	http://dbpedia.org/resource/Q_(James_Bond)
Major Boothroyd	Q (James Bond)	http://fr.dbpedia.org/resource/Q_(James_Bond)	http://dbpedia.org/resource/Q_(James_Bond)
Major Boothroyd ""Q""	Q (James Bond)	http://fr.dbpedia.org/resource/Q_(James_Bond)	http://dbpedia.org/resource/Q_(James_Bond)
Qiulin Zhang	Qiulin Zhang	http://fr.dbpedia.org/resource/Qiulin_Zhang	http://dbpedia.org/resource/Qiulin_Zhang
Qiulin zhang	Qiulin Zhang	http://fr.dbpedia.org/resource/Qiulin_Zhang	http://dbpedia.org/resource/Qiulin_Zhang
Qays Shayesteh	Qays Shayesteh	http://fr.dbpedia.org/resource/Qays_Shayesteh	http://dbpedia.org/resource/Qays_Shayesteh
Qin Wangping	Qin Wangping	http://fr.dbpedia.org/resource/Qin_Wangping	http://dbpedia.org/resource/Qin_Wangping
Quentin Othon	Quentin Othon	http://fr.dbpedia.org/resource/Quentin_Othon	http://dbpedia.org/resource/Quentin_Othon
Q-Tip (rappeur)	Q Tip (rappeur)	http://fr.dbpedia.org/resource/Q-Tip_(rappeur)	http://dbpedia.org/resource/Q-Tip_(musician)
Q-tip	Q Tip (rappeur)	http://fr.dbpedia.org/resource/Q-Tip_(rappeur)	http://dbpedia.org/resource/Q-Tip_(musician)
Kamaal Ibn John Fareed	Q Tip (rappeur)	http://fr.dbpedia.org/resource/Q-Tip_(rappeur)	http://dbpedia.org/resource/Q-Tip_(musician)
Quinton Howden	Quinton Howden	http://fr.dbpedia.org/resource/Quinton_Howden	http://dbpedia.org/resource/Quinton_Howden
Qu Yunxia	Qu Yunxia	http://fr.dbpedia.org/resource/Qu_Yunxia	http://dbpedia.org/resource/Qu_Yunxia
Yunxia Qu	Qu Yunxia	http://fr.dbpedia.org/resource/Qu_Yunxia	http://dbpedia.org/resource/Qu_Yunxia
Qi Hong	Qi Hong	http://fr.dbpedia.org/resource/Qi_Hong	http://dbpedia.org/resource/Qi_Hong
Quentin Ayuso	Quentin Ayuso	http://fr.dbpedia.org/resource/Quentin_Ayuso
Quincey Morris	Quincey Morris	http://fr.dbpedia.org/resource/Quincey_Morris	http://dbpedia.org/resource/Quincey_Morris
Quincey P. Morris	Quincey Morris	http://fr.dbpedia.org/resource/Quincey_Morris	http://dbpedia.org/resource/Quincey_Morris
Queen Latifah	Queen Latifah	http://fr.dbpedia.org/resource/Queen_Latifah	http://dbpedia.org/resource/Queen_Latifah
Quentin Blake	Quentin Blake	http://fr.dbpedia.org/resource/Quentin_Blake	http://dbpedia.org/resource/Quentin_Blake
Quentin Serron	Quentin Serron	http://fr.dbpedia.org/resource/Quentin_Serron
Qi Baishi	Qi Baishi	http://fr.dbpedia.org/resource/Qi_Baishi	http://dbpedia.org/resource/Qi_Baishi
Qi baishi	Qi Baishi	http://fr.dbpedia.org/resource/Qi_Baishi	http://dbpedia.org/resource/Qi_Baishi
Qianlong	Qianlong	http://fr.dbpedia.org/resource/Qianlong	http://dbpedia.org/resource/Qianlong_Emperor
Qing Qianlong	Qianlong	http://fr.dbpedia.org/resource/Qianlong	http://dbpedia.org/resource/Qianlong_Emperor
Empereur Qianlong	Qianlong	http://fr.dbpedia.org/resource/Qianlong	http://dbpedia.org/resource/Qianlong_Emperor
Qiánlóng	Qianlong	http://fr.dbpedia.org/resource/Qianlong	http://dbpedia.org/resource/Qianlong_Emperor
Hung Li	Qianlong	http://fr.dbpedia.org/resource/Qianlong	http://dbpedia.org/resource/Qianlong_Emperor
Ch'ien Lung	Qianlong	http://fr.dbpedia.org/resource/Qianlong	http://dbpedia.org/resource/Qianlong_Emperor
Quique Costas	Quique Costas	http://fr.dbpedia.org/resource/Quique_Costas	http://dbpedia.org/resource/Quique_Costas
Queralt Castellet	Queralt Castellet	http://fr.dbpedia.org/resource/Queralt_Castellet	http://dbpedia.org/resource/Queralt_Castellet
Quim Machado	Quim Machado	http://fr.dbpedia.org/resource/Quim_Machado	http://dbpedia.org/resource/Quim_Machado
Quentin Caleyron	Quentin Caleyron	http://fr.dbpedia.org/resource/Quentin_Caleyron	http://dbpedia.org/resource/Quentin_Caleyron
Quentin Fillon Maillet	Quentin Fillon Maillet	http://fr.dbpedia.org/resource/Quentin_Fillon_Maillet	http://dbpedia.org/resource/Quentin_Fillon_Maillet
Quanitta Underwood	Quanitta Underwood	http://fr.dbpedia.org/resource/Quanitta_Underwood	http://dbpedia.org/resource/Quanitta_Underwood
Quentin Marion	Quentin Marion	http://fr.dbpedia.org/resource/Quentin_Marion
Quentin de La Tour	Quentin de La Tour	http://fr.dbpedia.org/resource/Quentin_de_La_Tour	http://dbpedia.org/resource/Maurice_Quentin_de_La_Tour
Maurice Quentin de la Tour	Quentin de La Tour	http://fr.dbpedia.org/resource/Quentin_de_La_Tour	http://dbpedia.org/resource/Maurice_Quentin_de_La_Tour
Maurice Quentin Delatour	Quentin de La Tour	http://fr.dbpedia.org/resource/Quentin_de_La_Tour	http://dbpedia.org/resource/Maurice_Quentin_de_La_Tour
Quentin de la tour	Quentin de La Tour	http://fr.dbpedia.org/resource/Quentin_de_La_Tour	http://dbpedia.org/resource/Maurice_Quentin_de_La_Tour
Maurice-Quentin de la Tour	Quentin de La Tour	http://fr.dbpedia.org/resource/Quentin_de_La_Tour	http://dbpedia.org/resource/Maurice_Quentin_de_La_Tour
Maurice Quentin de La Tour	Quentin de La Tour	http://fr.dbpedia.org/resource/Quentin_de_La_Tour	http://dbpedia.org/resource/Maurice_Quentin_de_La_Tour
Quentin De La Tour	Quentin de La Tour	http://fr.dbpedia.org/resource/Quentin_de_La_Tour	http://dbpedia.org/resource/Maurice_Quentin_de_La_Tour
Qais Al Khonji	Qais Al Khonji	http://fr.dbpedia.org/resource/Qais_Al_Khonji	http://dbpedia.org/resource/Qais_Al_Khonji
Quanitra Hollingsworth	Quanitra Hollingsworth	http://fr.dbpedia.org/resource/Quanitra_Hollingsworth	http://dbpedia.org/resource/Quanitra_Hollingsworth
Kuanitra Hollingsworth	Quanitra Hollingsworth	http://fr.dbpedia.org/resource/Quanitra_Hollingsworth	http://dbpedia.org/resource/Quanitra_Hollingsworth
Qui-Gon Jinn	Qui Gon Jinn	http://fr.dbpedia.org/resource/Qui-Gon_Jinn	http://dbpedia.org/resource/Qui-Gon_Jinn
Qui-gon Jinn	Qui Gon Jinn	http://fr.dbpedia.org/resource/Qui-Gon_Jinn	http://dbpedia.org/resource/Qui-Gon_Jinn
Qui Gon Jinn	Qui Gon Jinn	http://fr.dbpedia.org/resource/Qui-Gon_Jinn	http://dbpedia.org/resource/Qui-Gon_Jinn
Qui-Gon	Qui Gon Jinn	http://fr.dbpedia.org/resource/Qui-Gon_Jinn	http://dbpedia.org/resource/Qui-Gon_Jinn
Qui-gon jinn	Qui Gon Jinn	http://fr.dbpedia.org/resource/Qui-Gon_Jinn	http://dbpedia.org/resource/Qui-Gon_Jinn
Quvenzhané Wallis	Quvenzhané Wallis	http://fr.dbpedia.org/resource/Quvenzhané_Wallis	http://dbpedia.org/resource/Quvenzhané_Wallis
Quentin Metsys	Quentin Metsys	http://fr.dbpedia.org/resource/Quentin_Metsys	http://dbpedia.org/resource/Quentin_Matsys
Quentin Matsys	Quentin Metsys	http://fr.dbpedia.org/resource/Quentin_Metsys	http://dbpedia.org/resource/Quentin_Matsys
Quentin Massys	Quentin Metsys	http://fr.dbpedia.org/resource/Quentin_Metsys	http://dbpedia.org/resource/Quentin_Matsys
Quintino Sella	Quintino Sella	http://fr.dbpedia.org/resource/Quintino_Sella	http://dbpedia.org/resource/Quintino_Sella
Quincy Taylor	Quincy Taylor	http://fr.dbpedia.org/resource/Quincy_Taylor	http://dbpedia.org/resource/Quincy_Taylor
Quetzalli Alvarado	Quetzalli Alvarado	http://fr.dbpedia.org/resource/Quetzalli_Alvarado
Quetzalli Alvarado Godinez	Quetzalli Alvarado	http://fr.dbpedia.org/resource/Quetzalli_Alvarado
Qu Shengqing	Qu Shengqing	http://fr.dbpedia.org/resource/Qu_Shengqing	http://dbpedia.org/resource/Qu_Shengqing
Quintin Geldenhuys	Quintin Geldenhuys	http://fr.dbpedia.org/resource/Quintin_Geldenhuys	http://dbpedia.org/resource/Quintin_Geldenhuys
Quincy Douby	Quincy Douby	http://fr.dbpedia.org/resource/Quincy_Douby	http://dbpedia.org/resource/Quincy_Douby
Quique Setién	Quique Setién	http://fr.dbpedia.org/resource/Quique_Setién	http://dbpedia.org/resource/Quique_Setién
Quinsin Nachoff	Quinsin Nachoff	http://fr.dbpedia.org/resource/Quinsin_Nachoff
Quasar Khanh	Quasar Khanh	http://fr.dbpedia.org/resource/Quasar_Khanh
Quasar khanh	Quasar Khanh	http://fr.dbpedia.org/resource/Quasar_Khanh
Qian Hong	Qian Hong	http://fr.dbpedia.org/resource/Qian_Hong	http://dbpedia.org/resource/Qian_Hong_(swimmer)
Quentin Bernier	Quentin Bernier	http://fr.dbpedia.org/resource/Quentin_Bernier
Quentin Gilbert	Quentin Gilbert	http://fr.dbpedia.org/resource/Quentin_Gilbert	http://dbpedia.org/resource/Quentin_Gilbert
Quentin Tanis	Quentin Tanis	http://fr.dbpedia.org/resource/Quentin_Tanis
Quincy Lewis	Quincy Lewis	http://fr.dbpedia.org/resource/Quincy_Lewis	http://dbpedia.org/resource/Quincy_Lewis
Quentin Antognelli	Quentin Antognelli	http://fr.dbpedia.org/resource/Quentin_Antognelli
Quinn Johnson	Quinn Johnson	http://fr.dbpedia.org/resource/Quinn_Johnson	http://dbpedia.org/resource/Quinn_Johnson
Quinn Fabray	Quinn Fabray	http://fr.dbpedia.org/resource/Quinn_Fabray	http://dbpedia.org/resource/Quinn_Fabray
Quinn Lucy Fabray	Quinn Fabray	http://fr.dbpedia.org/resource/Quinn_Fabray	http://dbpedia.org/resource/Quinn_Fabray
Quinn Dianna Fabray	Quinn Fabray	http://fr.dbpedia.org/resource/Quinn_Fabray	http://dbpedia.org/resource/Quinn_Fabray
Quinn Luci Fabray	Quinn Fabray	http://fr.dbpedia.org/resource/Quinn_Fabray	http://dbpedia.org/resource/Quinn_Fabray
Quinn fabray	Quinn Fabray	http://fr.dbpedia.org/resource/Quinn_Fabray	http://dbpedia.org/resource/Quinn_Fabray
Quentin Valançon	Quentin Valançon	http://fr.dbpedia.org/resource/Quentin_Valançon	http://dbpedia.org/resource/Quentin_Valançon
Quentin Valancon	Quentin Valançon	http://fr.dbpedia.org/resource/Quentin_Valançon	http://dbpedia.org/resource/Quentin_Valançon
Qu Yuan	Qu Yuan	http://fr.dbpedia.org/resource/Qu_Yuan	http://dbpedia.org/resource/Qu_Yuan
Quini	Quini	http://fr.dbpedia.org/resource/Quini	http://dbpedia.org/resource/Quini
Enrique Castro González	Quini	http://fr.dbpedia.org/resource/Quini	http://dbpedia.org/resource/Quini
Qieyang Shenjie	Qieyang Shenjie	http://fr.dbpedia.org/resource/Qieyang_Shenjie	http://dbpedia.org/resource/Qieyang_Shenjie
Shenjie Qieyang	Qieyang Shenjie	http://fr.dbpedia.org/resource/Qieyang_Shenjie	http://dbpedia.org/resource/Qieyang_Shenjie
Quentin Jauregui	Quentin Jauregui	http://fr.dbpedia.org/resource/Quentin_Jauregui	http://dbpedia.org/resource/Quentin_Jaurégui
Quentin Jacquier	Quentin Jacquier	http://fr.dbpedia.org/resource/Quentin_Jacquier
Quentin d'Aram de Valada	Quentin d' Aram de Valada	http://fr.dbpedia.org/resource/Quentin_d'Aram_de_Valada
Quinn Mallory	Quinn Mallory	http://fr.dbpedia.org/resource/Quinn_Mallory	http://dbpedia.org/resource/Quinn_Mallory
Quintillus	Quintillus	http://fr.dbpedia.org/resource/Quintillus	http://dbpedia.org/resource/Quintillus
Qin Bangxian	Qin Bangxian	http://fr.dbpedia.org/resource/Qin_Bangxian	http://dbpedia.org/resource/Bo_Gu
Bo Gu	Qin Bangxian	http://fr.dbpedia.org/resource/Qin_Bangxian	http://dbpedia.org/resource/Bo_Gu
Quatre Cavaliers de l'Apocalypse (comics)	Quatre Cavaliers de l' Apocalypse (comics)	http://fr.dbpedia.org/resource/Quatre_Cavaliers_de_l'Apocalypse_(comics)	http://dbpedia.org/resource/Horsemen_of_Apocalypse
Quim Monzó	Quim Monzó	http://fr.dbpedia.org/resource/Quim_Monzó	http://dbpedia.org/resource/Quim_Monzó
Quim Monzo	Quim Monzó	http://fr.dbpedia.org/resource/Quim_Monzó	http://dbpedia.org/resource/Quim_Monzó
Queenie Smith	Queenie Smith	http://fr.dbpedia.org/resource/Queenie_Smith	http://dbpedia.org/resource/Queenie_Smith
Quique Sánchez Flores	Quique Sánchez Flores	http://fr.dbpedia.org/resource/Quique_Sánchez_Flores	http://dbpedia.org/resource/Quique_Flores
Quique Sanchez Flores	Quique Sánchez Flores	http://fr.dbpedia.org/resource/Quique_Sánchez_Flores	http://dbpedia.org/resource/Quique_Flores
Quench (musique)	Quench (musique)	http://fr.dbpedia.org/resource/Quench_(musique)
Queenie Judd	Queenie Judd	http://fr.dbpedia.org/resource/Queenie_Judd
Quentin Elias	Quentin Elias	http://fr.dbpedia.org/resource/Quentin_Elias	http://dbpedia.org/resource/Quentin_Elias
Qu Bo	Qu Bo	http://fr.dbpedia.org/resource/Qu_Bo	http://dbpedia.org/resource/Qu_Bo
Quentin Moses	Quentin Moses	http://fr.dbpedia.org/resource/Quentin_Moses	http://dbpedia.org/resource/Quentin_Moses
Qu Qiubai	Qu Qiubai	http://fr.dbpedia.org/resource/Qu_Qiubai	http://dbpedia.org/resource/Qu_Qiubai
Qu qiubai	Qu Qiubai	http://fr.dbpedia.org/resource/Qu_Qiubai	http://dbpedia.org/resource/Qu_Qiubai
Qwanell Mosley	Qwanell Mosley	http://fr.dbpedia.org/resource/Qwanell_Mosley	http://dbpedia.org/resource/Qwanell_Mosley
Quentin Berteau	Quentin Berteau	http://fr.dbpedia.org/resource/Quentin_Berteau
Quentin Minel	Quentin Minel	http://fr.dbpedia.org/resource/Quentin_Minel
Quincy Antipas	Quincy Antipas	http://fr.dbpedia.org/resource/Quincy_Antipas	http://dbpedia.org/resource/Quincy_Antipas
Quan (rappeur)	Quan (rappeur)	http://fr.dbpedia.org/resource/Quan_(rappeur)	http://dbpedia.org/resource/Quan_(rapper)
Quan	Quan (rappeur)	http://fr.dbpedia.org/resource/Quan_(rappeur)	http://dbpedia.org/resource/Quan_(rapper)
Qi Guangpu	Qi Guangpu	http://fr.dbpedia.org/resource/Qi_Guangpu	http://dbpedia.org/resource/Qi_Guangpu
Guangpu Qi	Qi Guangpu	http://fr.dbpedia.org/resource/Qi_Guangpu	http://dbpedia.org/resource/Qi_Guangpu
Quentin Voeltzel	Quentin Voeltzel	http://fr.dbpedia.org/resource/Quentin_Voeltzel
Quentin Dupieux	Quentin Dupieux	http://fr.dbpedia.org/resource/Quentin_Dupieux	http://dbpedia.org/resource/Mr._Oizo
M. Oizo	Quentin Dupieux	http://fr.dbpedia.org/resource/Quentin_Dupieux	http://dbpedia.org/resource/Mr._Oizo
Mr Oizo	Quentin Dupieux	http://fr.dbpedia.org/resource/Quentin_Dupieux	http://dbpedia.org/resource/Mr._Oizo
Dupieux	Quentin Dupieux	http://fr.dbpedia.org/resource/Quentin_Dupieux	http://dbpedia.org/resource/Mr._Oizo
Mr. Oizo	Quentin Dupieux	http://fr.dbpedia.org/resource/Quentin_Dupieux	http://dbpedia.org/resource/Mr._Oizo
Quintin Berry	Quintin Berry	http://fr.dbpedia.org/resource/Quintin_Berry	http://dbpedia.org/resource/Quintin_Berry
Queenie Newall	Queenie Newall	http://fr.dbpedia.org/resource/Queenie_Newall	http://dbpedia.org/resource/Queenie_Newall
Sybil Newall	Queenie Newall	http://fr.dbpedia.org/resource/Queenie_Newall	http://dbpedia.org/resource/Queenie_Newall
Quinton Griffith	Quinton Griffith	http://fr.dbpedia.org/resource/Quinton_Griffith	http://dbpedia.org/resource/Quinton_Griffith
Quentin Bertholet	Quentin Bertholet	http://fr.dbpedia.org/resource/Quentin_Bertholet
Bertholet Quentin	Quentin Bertholet	http://fr.dbpedia.org/resource/Quentin_Bertholet
Quincy Amarikwa	Quincy Amarikwa	http://fr.dbpedia.org/resource/Quincy_Amarikwa	http://dbpedia.org/resource/Quincy_Amarikwa
Quirino Armellini	Quirino Armellini	http://fr.dbpedia.org/resource/Quirino_Armellini
Qyntel Woods	Qyntel Woods	http://fr.dbpedia.org/resource/Qyntel_Woods	http://dbpedia.org/resource/Qyntel_Woods
Quentin Crisp	Quentin Crisp	http://fr.dbpedia.org/resource/Quentin_Crisp	http://dbpedia.org/resource/Quentin_Crisp
Quinton Porter	Quinton Porter	http://fr.dbpedia.org/resource/Quinton_Porter	http://dbpedia.org/resource/Quinton_Porter
Quino	Quino	http://fr.dbpedia.org/resource/Quino	http://dbpedia.org/resource/Quino
Qaim Ali Shah	Qaim Ali Shah	http://fr.dbpedia.org/resource/Qaim_Ali_Shah	http://dbpedia.org/resource/Qaim_Ali_Shah
Quincy Acy	Quincy Acy	http://fr.dbpedia.org/resource/Quincy_Acy	http://dbpedia.org/resource/Quincy_Acy
Queen (boîte de nuit)	Queen (boîte de nuit)	http://fr.dbpedia.org/resource/Queen_(boîte_de_nuit)	http://dbpedia.org/resource/Le_Queen
Queen	Queen (boîte de nuit)	http://fr.dbpedia.org/resource/Queen_(boîte_de_nuit)	http://dbpedia.org/resource/Le_Queen
Queen boite de nuit	Queen (boîte de nuit)	http://fr.dbpedia.org/resource/Queen_(boîte_de_nuit)	http://dbpedia.org/resource/Le_Queen
Le Queen	Queen (boîte de nuit)	http://fr.dbpedia.org/resource/Queen_(boîte_de_nuit)	http://dbpedia.org/resource/Le_Queen
Queen Boite De Nuit	Queen (boîte de nuit)	http://fr.dbpedia.org/resource/Queen_(boîte_de_nuit)	http://dbpedia.org/resource/Le_Queen
Quentin Merabet	Quentin Merabet	http://fr.dbpedia.org/resource/Quentin_Merabet
Quentin Richardson	Quentin Richardson	http://fr.dbpedia.org/resource/Quentin_Richardson	http://dbpedia.org/resource/Quentin_Richardson
Quincy Pondexter	Quincy Pondexter	http://fr.dbpedia.org/resource/Quincy_Pondexter	http://dbpedia.org/resource/Quincy_Pondexter
Quentin Donald	Quentin Donald	http://fr.dbpedia.org/resource/Quentin_Donald
