Ugo Orlandi	Ugo Orlandi	http://fr.dbpedia.org/resource/Ugo_Orlandi
Usmar Ismail	Usmar Ismail	http://fr.dbpedia.org/resource/Usmar_Ismail	http://dbpedia.org/resource/Usmar_Ismail
Urruti	Urruti	http://fr.dbpedia.org/resource/Urruti	http://dbpedia.org/resource/Javier_Urruticoechea
Francisco Javier González Urruticoechea	Urruti	http://fr.dbpedia.org/resource/Urruti	http://dbpedia.org/resource/Javier_Urruticoechea
Francisco Javier Urruticoechea	Urruti	http://fr.dbpedia.org/resource/Urruti	http://dbpedia.org/resource/Javier_Urruticoechea
Ulrich Giezendanner	Ulrich Giezendanner	http://fr.dbpedia.org/resource/Ulrich_Giezendanner	http://dbpedia.org/resource/Ulrich_Giezendanner
Una McCann Wilkinson	Una McCann Wilkinson	http://fr.dbpedia.org/resource/Una_McCann_Wilkinson
Una MacCann Wilkinson	Una McCann Wilkinson	http://fr.dbpedia.org/resource/Una_McCann_Wilkinson
Una McCann	Una McCann Wilkinson	http://fr.dbpedia.org/resource/Una_McCann_Wilkinson
Una Wilkinson	Una McCann Wilkinson	http://fr.dbpedia.org/resource/Una_McCann_Wilkinson
Umberto Giordano	Umberto Giordano	http://fr.dbpedia.org/resource/Umberto_Giordano	http://dbpedia.org/resource/Umberto_Giordano
Ute Kircheis-Wessel	Ute Kircheis Wessel	http://fr.dbpedia.org/resource/Ute_Kircheis-Wessel	http://dbpedia.org/resource/Ute_Kircheis-Wessel
Ute Wessel	Ute Kircheis Wessel	http://fr.dbpedia.org/resource/Ute_Kircheis-Wessel	http://dbpedia.org/resource/Ute_Kircheis-Wessel
Urbain-René Pilastre de la Brardière	Urbain René Pilastre de la Brardière	http://fr.dbpedia.org/resource/Urbain-René_Pilastre_de_la_Brardière
Urbain-René Pilastre de La Brardière	Urbain René Pilastre de la Brardière	http://fr.dbpedia.org/resource/Urbain-René_Pilastre_de_la_Brardière
Udochukwu Nwoko	Udochukwu Nwoko	http://fr.dbpedia.org/resource/Udochukwu_Nwoko	http://dbpedia.org/resource/Udo_Nwoko
Urbano Navarrete	Urbano Navarrete	http://fr.dbpedia.org/resource/Urbano_Navarrete	http://dbpedia.org/resource/Urbano_Navarrete_Cortés
Uffie	Uffie	http://fr.dbpedia.org/resource/Uffie	http://dbpedia.org/resource/Uffie
Unroch III de Frioul	Unroch III de Frioul	http://fr.dbpedia.org/resource/Unroch_III_de_Frioul	http://dbpedia.org/resource/Unruoch_III_of_Friuli
Unroch iii de frioul	Unroch III de Frioul	http://fr.dbpedia.org/resource/Unroch_III_de_Frioul	http://dbpedia.org/resource/Unruoch_III_of_Friuli
Urmas Paet	Urmas Paet	http://fr.dbpedia.org/resource/Urmas_Paet	http://dbpedia.org/resource/Urmas_Paet
Udo Wagner	Udo Wagner	http://fr.dbpedia.org/resource/Udo_Wagner	http://dbpedia.org/resource/Udo_Wagner
Ute Geweniger	Ute Geweniger	http://fr.dbpedia.org/resource/Ute_Geweniger	http://dbpedia.org/resource/Ute_Geweniger
Umberto Tozzi	Umberto Tozzi	http://fr.dbpedia.org/resource/Umberto_Tozzi	http://dbpedia.org/resource/Umberto_Tozzi
Ulrich Bächli	Ulrich Bächli	http://fr.dbpedia.org/resource/Ulrich_Bächli	http://dbpedia.org/resource/Ulrich_Bächli
Ueli Bächli	Ulrich Bächli	http://fr.dbpedia.org/resource/Ulrich_Bächli	http://dbpedia.org/resource/Ulrich_Bächli
Uwe Tellkamp	Uwe Tellkamp	http://fr.dbpedia.org/resource/Uwe_Tellkamp	http://dbpedia.org/resource/Uwe_Tellkamp
Uwe Blab	Uwe Blab	http://fr.dbpedia.org/resource/Uwe_Blab	http://dbpedia.org/resource/Uwe_Blab
Uwe Möhrle	Uwe Möhrle	http://fr.dbpedia.org/resource/Uwe_Möhrle	http://dbpedia.org/resource/Uwe_Möhrle
Ulugbek Bakayev	Ulugbek Bakayev	http://fr.dbpedia.org/resource/Ulugbek_Bakayev	http://dbpedia.org/resource/Ulugbek_Bakayev
Ulugbek Bakaev	Ulugbek Bakayev	http://fr.dbpedia.org/resource/Ulugbek_Bakayev	http://dbpedia.org/resource/Ulugbek_Bakayev
Ugo Fantozzi	Ugo Fantozzi	http://fr.dbpedia.org/resource/Ugo_Fantozzi	http://dbpedia.org/resource/Ugo_Fantozzi
Ulf Söderström	Ulf Söderström	http://fr.dbpedia.org/resource/Ulf_Söderström	http://dbpedia.org/resource/Ulf_Söderström
Urbain Haesaert	Urbain Haesaert	http://fr.dbpedia.org/resource/Urbain_Haesaert
Ufuk Talay	Ufuk Talay	http://fr.dbpedia.org/resource/Ufuk_Talay	http://dbpedia.org/resource/Ufuk_Talay
Ulysse Klotz	Ulysse Klotz	http://fr.dbpedia.org/resource/Ulysse_Klotz
Ursula Torday	Ursula Torday	http://fr.dbpedia.org/resource/Ursula_Torday	http://dbpedia.org/resource/Ursula_Torday
Charity Blackstock	Ursula Torday	http://fr.dbpedia.org/resource/Ursula_Torday	http://dbpedia.org/resource/Ursula_Torday
Charlotte Keepel	Ursula Torday	http://fr.dbpedia.org/resource/Ursula_Torday	http://dbpedia.org/resource/Ursula_Torday
Lee Blackstock	Ursula Torday	http://fr.dbpedia.org/resource/Ursula_Torday	http://dbpedia.org/resource/Ursula_Torday
Paula Allardyce	Ursula Torday	http://fr.dbpedia.org/resource/Ursula_Torday	http://dbpedia.org/resource/Ursula_Torday
Urbain de Chevron Villette	Urbain de Chevron Villette	http://fr.dbpedia.org/resource/Urbain_de_Chevron_Villette
Urbain I de Chevron Villette	Urbain de Chevron Villette	http://fr.dbpedia.org/resource/Urbain_de_Chevron_Villette
Urbain I de Chevron-Villette	Urbain de Chevron Villette	http://fr.dbpedia.org/resource/Urbain_de_Chevron_Villette
Uther le Porteur de Lumière	Uther le Porteur de Lumière	http://fr.dbpedia.org/resource/Uther_le_Porteur_de_Lumière
Uther Lightbringer	Uther le Porteur de Lumière	http://fr.dbpedia.org/resource/Uther_le_Porteur_de_Lumière
Ulyses Petit de Murat	Ulyses Petit de Murat	http://fr.dbpedia.org/resource/Ulyses_Petit_de_Murat	http://dbpedia.org/resource/Ulyses_Petit_de_Murat
Unni Lehn	Unni Lehn	http://fr.dbpedia.org/resource/Unni_Lehn	http://dbpedia.org/resource/Unni_Lehn
Uvo Hölscher (égyptologue)	Uvo Hölscher (égyptologue)	http://fr.dbpedia.org/resource/Uvo_Hölscher_(égyptologue)
Uvo Hölscher	Uvo Hölscher (égyptologue)	http://fr.dbpedia.org/resource/Uvo_Hölscher_(égyptologue)
Uvo Holscher	Uvo Hölscher (égyptologue)	http://fr.dbpedia.org/resource/Uvo_Hölscher_(égyptologue)
Ulrich Pinner	Ulrich Pinner	http://fr.dbpedia.org/resource/Ulrich_Pinner	http://dbpedia.org/resource/Ulrich_Pinner
Ulrich von Hutten	Ulrich von Hutten	http://fr.dbpedia.org/resource/Ulrich_von_Hutten	http://dbpedia.org/resource/Ulrich_von_Hutten
Ulric de Hutten	Ulrich von Hutten	http://fr.dbpedia.org/resource/Ulrich_von_Hutten	http://dbpedia.org/resource/Ulrich_von_Hutten
Ulrich von hutten	Ulrich von Hutten	http://fr.dbpedia.org/resource/Ulrich_von_Hutten	http://dbpedia.org/resource/Ulrich_von_Hutten
Uwe Gospodarek	Uwe Gospodarek	http://fr.dbpedia.org/resource/Uwe_Gospodarek	http://dbpedia.org/resource/Uwe_Gospodarek
Urs Zimmermann	Urs Zimmermann	http://fr.dbpedia.org/resource/Urs_Zimmermann	http://dbpedia.org/resource/Urs_Zimmermann
Ulrich Thomsen	Ulrich Thomsen	http://fr.dbpedia.org/resource/Ulrich_Thomsen	http://dbpedia.org/resource/Ulrich_Thomsen
Urbain IV	Urbain IV	http://fr.dbpedia.org/resource/Urbain_IV	http://dbpedia.org/resource/Pope_Urban_IV
Jacques Pantaléon	Urbain IV	http://fr.dbpedia.org/resource/Urbain_IV	http://dbpedia.org/resource/Pope_Urban_IV
Ugo Cipriani	Ugo Cipriani	http://fr.dbpedia.org/resource/Ugo_Cipriani
Ugo cipriani	Ugo Cipriani	http://fr.dbpedia.org/resource/Ugo_Cipriani
Unni Birkrem	Unni Birkrem	http://fr.dbpedia.org/resource/Unni_Birkrem	http://dbpedia.org/resource/Unni_Birkrem
Urby Emanuelson	Urby Emanuelson	http://fr.dbpedia.org/resource/Urby_Emanuelson	http://dbpedia.org/resource/Urby_Emanuelson
Uroš Kovačević	Uroš Kovačević	http://fr.dbpedia.org/resource/Uroš_Kovačević	http://dbpedia.org/resource/Uroš_Kovačević
Urs Imboden	Urs Imboden	http://fr.dbpedia.org/resource/Urs_Imboden	http://dbpedia.org/resource/Urs_Imboden
Ulrike Holzner	Ulrike Holzner	http://fr.dbpedia.org/resource/Ulrike_Holzner	http://dbpedia.org/resource/Ulrike_Holzner
Udo Hempel	Udo Hempel	http://fr.dbpedia.org/resource/Udo_Hempel	http://dbpedia.org/resource/Udo_Hempel
Unai Emery	Unai Emery	http://fr.dbpedia.org/resource/Unai_Emery	http://dbpedia.org/resource/Unai_Emery
Uta Franz	Uta Franz	http://fr.dbpedia.org/resource/Uta_Franz
Ugo Foscolo	Ugo Foscolo	http://fr.dbpedia.org/resource/Ugo_Foscolo	http://dbpedia.org/resource/Ugo_Foscolo
Didimo Chierico	Ugo Foscolo	http://fr.dbpedia.org/resource/Ugo_Foscolo	http://dbpedia.org/resource/Ugo_Foscolo
Niccolò Ugo Foscolo	Ugo Foscolo	http://fr.dbpedia.org/resource/Ugo_Foscolo	http://dbpedia.org/resource/Ugo_Foscolo
Ultramarines (comics)	Ultramarines (comics)	http://fr.dbpedia.org/resource/Ultramarines_(comics)	http://dbpedia.org/resource/International_Ultramarine_Corps
Ultramarines	Ultramarines (comics)	http://fr.dbpedia.org/resource/Ultramarines_(comics)	http://dbpedia.org/resource/International_Ultramarine_Corps
Ulla Jacobsson	Ulla Jacobsson	http://fr.dbpedia.org/resource/Ulla_Jacobsson	http://dbpedia.org/resource/Ulla_Jacobsson
Ulf Nilsson	Ulf Nilsson	http://fr.dbpedia.org/resource/Ulf_Nilsson	http://dbpedia.org/resource/Ulf_Nilsson_(ice_hockey)
Ulrich Lehmann (équitation)	Ulrich Lehmann (équitation)	http://fr.dbpedia.org/resource/Ulrich_Lehmann_(équitation)	http://dbpedia.org/resource/Ulrich_Lehmann
Ustaritz Aldekoaotalora	Ustaritz Aldekoaotalora	http://fr.dbpedia.org/resource/Ustaritz_Aldekoaotalora	http://dbpedia.org/resource/Ustaritz_Aldekoaotalora
Ustaritz Aldekoaotalora Astarloa	Ustaritz Aldekoaotalora	http://fr.dbpedia.org/resource/Ustaritz_Aldekoaotalora	http://dbpedia.org/resource/Ustaritz_Aldekoaotalora
Ustaritz Astarloa	Ustaritz Aldekoaotalora	http://fr.dbpedia.org/resource/Ustaritz_Aldekoaotalora	http://dbpedia.org/resource/Ustaritz_Aldekoaotalora
U-God	U God	http://fr.dbpedia.org/resource/U-God	http://dbpedia.org/resource/U-God
Lamont Hawkins	U God	http://fr.dbpedia.org/resource/U-God	http://dbpedia.org/resource/U-God
U-god	U God	http://fr.dbpedia.org/resource/U-God	http://dbpedia.org/resource/U-God
Ulises Poirier	Ulises Poirier	http://fr.dbpedia.org/resource/Ulises_Poirier	http://dbpedia.org/resource/Ulises_Poirier
Uladzimir Ignatik	Uladzimir Ignatik	http://fr.dbpedia.org/resource/Uladzimir_Ignatik	http://dbpedia.org/resource/Uladzimir_Ignatik
Urbain-René de Hercé	Urbain René de Hercé	http://fr.dbpedia.org/resource/Urbain-René_de_Hercé
Urbain-Rene de Herce	Urbain René de Hercé	http://fr.dbpedia.org/resource/Urbain-René_de_Hercé
Urbain-rené de hercé	Urbain René de Hercé	http://fr.dbpedia.org/resource/Urbain-René_de_Hercé
Ugo Poletti	Ugo Poletti	http://fr.dbpedia.org/resource/Ugo_Poletti	http://dbpedia.org/resource/Ugo_Poletti
Ulrike Grässler	Ulrike Grässler	http://fr.dbpedia.org/resource/Ulrike_Grässler	http://dbpedia.org/resource/Ulrike_Gräßler
Ulrike Graessler	Ulrike Grässler	http://fr.dbpedia.org/resource/Ulrike_Grässler	http://dbpedia.org/resource/Ulrike_Gräßler
Ulrike Gräßler	Ulrike Grässler	http://fr.dbpedia.org/resource/Ulrike_Grässler	http://dbpedia.org/resource/Ulrike_Gräßler
Ugo Colombo	Ugo Colombo	http://fr.dbpedia.org/resource/Ugo_Colombo	http://dbpedia.org/resource/Ugo_Colombo_(cyclist)
Udo Lindenberg	Udo Lindenberg	http://fr.dbpedia.org/resource/Udo_Lindenberg	http://dbpedia.org/resource/Udo_Lindenberg
Uwe Hünemeier	Uwe Hünemeier	http://fr.dbpedia.org/resource/Uwe_Hünemeier	http://dbpedia.org/resource/Uwe_Hünemeier
Uwe Peschel	Uwe Peschel	http://fr.dbpedia.org/resource/Uwe_Peschel	http://dbpedia.org/resource/Uwe_Peschel
Ultra-Humanite	Ultra Humanite	http://fr.dbpedia.org/resource/Ultra-Humanite	http://dbpedia.org/resource/Ultra-Humanite
Uri Maklev	Uri Maklev	http://fr.dbpedia.org/resource/Uri_Maklev	http://dbpedia.org/resource/Uri_Maklev
Ulrike Müller	Ulrike Müller	http://fr.dbpedia.org/resource/Ulrike_Müller
Uta Pippig	Uta Pippig	http://fr.dbpedia.org/resource/Uta_Pippig	http://dbpedia.org/resource/Uta_Pippig
Uğur Boral	Uğur Boral	http://fr.dbpedia.org/resource/Uğur_Boral	http://dbpedia.org/resource/Uğur_Boral
Ugur Boral	Uğur Boral	http://fr.dbpedia.org/resource/Uğur_Boral	http://dbpedia.org/resource/Uğur_Boral
Ulf Timmermann	Ulf Timmermann	http://fr.dbpedia.org/resource/Ulf_Timmermann	http://dbpedia.org/resource/Ulf_Timmermann
Uberto di Cocconato	Uberto di Cocconato	http://fr.dbpedia.org/resource/Uberto_di_Cocconato
Urbain Decottignies	Urbain Decottignies	http://fr.dbpedia.org/resource/Urbain_Decottignies
Uladzislau Andreyeu	Uladzislau Andreyeu	http://fr.dbpedia.org/resource/Uladzislau_Andreyeu
Udonis Haslem	Udonis Haslem	http://fr.dbpedia.org/resource/Udonis_Haslem	http://dbpedia.org/resource/Udonis_Haslem
Ubu	Ubu	http://fr.dbpedia.org/resource/Ubu
Ubuesque	Ubu	http://fr.dbpedia.org/resource/Ubu
Ukon (poétesse)	Ukon (poétesse)	http://fr.dbpedia.org/resource/Ukon_(poétesse)	http://dbpedia.org/resource/Ukon_(poet)
Uri Kokia	Uri Kokia	http://fr.dbpedia.org/resource/Uri_Kokia	http://dbpedia.org/resource/Uri_Kokia
Uta Nickel	Uta Nickel	http://fr.dbpedia.org/resource/Uta_Nickel	http://dbpedia.org/resource/Uta_Nickel
Uroš Slokar	Uroš Slokar	http://fr.dbpedia.org/resource/Uroš_Slokar	http://dbpedia.org/resource/Uroš_Slokar
Ubiratan Pereira Maciel	Ubiratan Pereira Maciel	http://fr.dbpedia.org/resource/Ubiratan_Pereira_Maciel	http://dbpedia.org/resource/Ubiratan_Pereira_Maciel
Uļjana Semjonova	Uļjana Semjonova	http://fr.dbpedia.org/resource/Uļjana_Semjonova	http://dbpedia.org/resource/Uljana_Semjonova
Ouliana Semenova	Uļjana Semjonova	http://fr.dbpedia.org/resource/Uļjana_Semjonova	http://dbpedia.org/resource/Uljana_Semjonova
Ouliana Semionova	Uļjana Semjonova	http://fr.dbpedia.org/resource/Uļjana_Semjonova	http://dbpedia.org/resource/Uljana_Semjonova
Uljana Semjonova	Uļjana Semjonova	http://fr.dbpedia.org/resource/Uļjana_Semjonova	http://dbpedia.org/resource/Uljana_Semjonova
Ulrich Schlüer	Ulrich Schlüer	http://fr.dbpedia.org/resource/Ulrich_Schlüer	http://dbpedia.org/resource/Ulrich_Schlüer
Ulrich Schluer	Ulrich Schlüer	http://fr.dbpedia.org/resource/Ulrich_Schlüer	http://dbpedia.org/resource/Ulrich_Schlüer
Udo-Dieter Wange	Udo Dieter Wange	http://fr.dbpedia.org/resource/Udo-Dieter_Wange
Una Merkel	Una Merkel	http://fr.dbpedia.org/resource/Una_Merkel	http://dbpedia.org/resource/Una_Merkel
Ursula von der Leyen	Ursula von der Leyen	http://fr.dbpedia.org/resource/Ursula_von_der_Leyen	http://dbpedia.org/resource/Ursula_von_der_Leyen
Ursula von der leyen	Ursula von der Leyen	http://fr.dbpedia.org/resource/Ursula_von_der_Leyen	http://dbpedia.org/resource/Ursula_von_der_Leyen
Ulrike Höfken	Ulrike Höfken	http://fr.dbpedia.org/resource/Ulrike_Höfken
Ulrich Seidl	Ulrich Seidl	http://fr.dbpedia.org/resource/Ulrich_Seidl	http://dbpedia.org/resource/Ulrich_Seidl
Ulrich Ochsenbein	Ulrich Ochsenbein	http://fr.dbpedia.org/resource/Ulrich_Ochsenbein	http://dbpedia.org/resource/Ulrich_Ochsenbein
Una O'Connor	Una O' Connor	http://fr.dbpedia.org/resource/Una_O'Connor	http://dbpedia.org/resource/Una_O'Connor_(actress)
Uwe Gensheimer	Uwe Gensheimer	http://fr.dbpedia.org/resource/Uwe_Gensheimer	http://dbpedia.org/resource/Uwe_Gensheimer
Urs Gasche	Urs Gasche	http://fr.dbpedia.org/resource/Urs_Gasche
Uché Agba	Uché Agba	http://fr.dbpedia.org/resource/Uché_Agba
Uche Agba	Uché Agba	http://fr.dbpedia.org/resource/Uché_Agba
Ulick Lupède	Ulick Lupède	http://fr.dbpedia.org/resource/Ulick_Lupède	http://dbpedia.org/resource/Ulick_Lupede
Ulrick Lupède	Ulick Lupède	http://fr.dbpedia.org/resource/Ulick_Lupède	http://dbpedia.org/resource/Ulick_Lupede
Unus l'Intouchable	Unus l' Intouchable	http://fr.dbpedia.org/resource/Unus_l'Intouchable	http://dbpedia.org/resource/Unus_the_Untouchable
Ulysses S. Grant	Ulysses S. Grant	http://fr.dbpedia.org/resource/Ulysses_S._Grant	http://dbpedia.org/resource/Ulysses_S._Grant
Général Grant	Ulysses S. Grant	http://fr.dbpedia.org/resource/Ulysses_S._Grant	http://dbpedia.org/resource/Ulysses_S._Grant
Ulysse S. Grant	Ulysses S. Grant	http://fr.dbpedia.org/resource/Ulysses_S._Grant	http://dbpedia.org/resource/Ulysses_S._Grant
Ulysses Grant	Ulysses S. Grant	http://fr.dbpedia.org/resource/Ulysses_S._Grant	http://dbpedia.org/resource/Ulysses_S._Grant
Ulysses Simpson Grant	Ulysses S. Grant	http://fr.dbpedia.org/resource/Ulysses_S._Grant	http://dbpedia.org/resource/Ulysses_S._Grant
Uno Nomesta	Uno Nomesta	http://fr.dbpedia.org/resource/Uno_Nomesta
Uwe Krupp	Uwe Krupp	http://fr.dbpedia.org/resource/Uwe_Krupp	http://dbpedia.org/resource/Uwe_Krupp
Ulrich III de Neuchâtel	Ulrich III de Neuchâtel	http://fr.dbpedia.org/resource/Ulrich_III_de_Neuchâtel
Ulrik Wilbek	Ulrik Wilbek	http://fr.dbpedia.org/resource/Ulrik_Wilbek	http://dbpedia.org/resource/Ulrik_Wilbek
Ursula Goodenough	Ursula Goodenough	http://fr.dbpedia.org/resource/Ursula_Goodenough	http://dbpedia.org/resource/Ursula_Goodenough
Ueli Sutter	Ueli Sutter	http://fr.dbpedia.org/resource/Ueli_Sutter	http://dbpedia.org/resource/Ueli_Sutter
Üli Sutter	Ueli Sutter	http://fr.dbpedia.org/resource/Ueli_Sutter	http://dbpedia.org/resource/Ueli_Sutter
Uri Avnery	Uri Avnery	http://fr.dbpedia.org/resource/Uri_Avnery	http://dbpedia.org/resource/Uri_Avnery
Helmut Ostermann	Uri Avnery	http://fr.dbpedia.org/resource/Uri_Avnery	http://dbpedia.org/resource/Uri_Avnery
Uri Avneri	Uri Avnery	http://fr.dbpedia.org/resource/Uri_Avnery	http://dbpedia.org/resource/Uri_Avnery
Uschi Obermaier	Uschi Obermaier	http://fr.dbpedia.org/resource/Uschi_Obermaier	http://dbpedia.org/resource/Uschi_Obermaier
Umaru Bangura	Umaru Bangura	http://fr.dbpedia.org/resource/Umaru_Bangura	http://dbpedia.org/resource/Umaru_Bangura
Urve Tiidus	Urve Tiidus	http://fr.dbpedia.org/resource/Urve_Tiidus	http://dbpedia.org/resource/Urve_Tiidus
Urbain de Miolans	Urbain de Miolans	http://fr.dbpedia.org/resource/Urbain_de_Miolans
Ute Skorupski	Ute Skorupski	http://fr.dbpedia.org/resource/Ute_Skorupski
Umbra Jumdail	Umbra Jumdail	http://fr.dbpedia.org/resource/Umbra_Jumdail
Utagawa Sadahide	Utagawa Sadahide	http://fr.dbpedia.org/resource/Utagawa_Sadahide	http://dbpedia.org/resource/Sadahide
Ulli Lommel	Ulli Lommel	http://fr.dbpedia.org/resource/Ulli_Lommel	http://dbpedia.org/resource/Ulli_Lommel
Urbain Vitry	Urbain Vitry	http://fr.dbpedia.org/resource/Urbain_Vitry
Ulrich Grauert	Ulrich Grauert	http://fr.dbpedia.org/resource/Ulrich_Grauert	http://dbpedia.org/resource/Ulrich_Grauert
Ulrich Plenzdorf	Ulrich Plenzdorf	http://fr.dbpedia.org/resource/Ulrich_Plenzdorf	http://dbpedia.org/resource/Ulrich_Plenzdorf
Una Mae Carlisle	Una Mae Carlisle	http://fr.dbpedia.org/resource/Una_Mae_Carlisle	http://dbpedia.org/resource/Una_Mae_Carlisle
Ufuk Ceylan	Ufuk Ceylan	http://fr.dbpedia.org/resource/Ufuk_Ceylan	http://dbpedia.org/resource/Ufuk_Ceylan
Uwe Timm	Uwe Timm	http://fr.dbpedia.org/resource/Uwe_Timm	http://dbpedia.org/resource/Uwe_Timm
Ulf Dahlén	Ulf Dahlén	http://fr.dbpedia.org/resource/Ulf_Dahlén	http://dbpedia.org/resource/Ulf_Dahlén
Ulf Dahlen	Ulf Dahlén	http://fr.dbpedia.org/resource/Ulf_Dahlén	http://dbpedia.org/resource/Ulf_Dahlén
Uffe Manich Bech	Uffe Manich Bech	http://fr.dbpedia.org/resource/Uffe_Manich_Bech	http://dbpedia.org/resource/Uffe_Bech
Ubaldo Cruche	Ubaldo Cruche	http://fr.dbpedia.org/resource/Ubaldo_Cruche	http://dbpedia.org/resource/Ubaldo_Cruche
Ulis Williams	Ulis Williams	http://fr.dbpedia.org/resource/Ulis_Williams	http://dbpedia.org/resource/Ulis_Williams
Uthumphon	Uthumphon	http://fr.dbpedia.org/resource/Uthumphon	http://dbpedia.org/resource/Uthumphon
Urbain de Hercé	Urbain de Hercé	http://fr.dbpedia.org/resource/Urbain_de_Hercé
Urho Teräs	Urho Teräs	http://fr.dbpedia.org/resource/Urho_Teräs	http://dbpedia.org/resource/Urho_Teräs
Urbano Paracciani Rutili	Urbano Paracciani Rutili	http://fr.dbpedia.org/resource/Urbano_Paracciani_Rutili
Umberto Bossi	Umberto Bossi	http://fr.dbpedia.org/resource/Umberto_Bossi	http://dbpedia.org/resource/Umberto_Bossi
Urbain Caffi	Urbain Caffi	http://fr.dbpedia.org/resource/Urbain_Caffi	http://dbpedia.org/resource/Urbain_Caffi
Umaru Yar'Adua	Umaru Yar' Adua	http://fr.dbpedia.org/resource/Umaru_Yar'Adua	http://dbpedia.org/resource/Umaru_Musa_Yar'Adua
Umaru Musa Yar'Adua	Umaru Yar' Adua	http://fr.dbpedia.org/resource/Umaru_Yar'Adua	http://dbpedia.org/resource/Umaru_Musa_Yar'Adua
Umaru Yar’Adua	Umaru Yar' Adua	http://fr.dbpedia.org/resource/Umaru_Yar'Adua	http://dbpedia.org/resource/Umaru_Musa_Yar'Adua
Uwe Kagelmann	Uwe Kagelmann	http://fr.dbpedia.org/resource/Uwe_Kagelmann	http://dbpedia.org/resource/Uwe_Kagelmann
Ursula Moore	Ursula Moore	http://fr.dbpedia.org/resource/Ursula_Moore
Urs Kunz	Urs Kunz	http://fr.dbpedia.org/resource/Urs_Kunz	http://dbpedia.org/resource/Urs_Kunz
Ulisse Aldrovandi	Ulisse Aldrovandi	http://fr.dbpedia.org/resource/Ulisse_Aldrovandi	http://dbpedia.org/resource/Ulisse_Aldrovandi
Ulysse Aldrovandi	Ulisse Aldrovandi	http://fr.dbpedia.org/resource/Ulisse_Aldrovandi	http://dbpedia.org/resource/Ulisse_Aldrovandi
Unax Ugalde	Unax Ugalde	http://fr.dbpedia.org/resource/Unax_Ugalde	http://dbpedia.org/resource/Unax_Ugalde
Uwe-Jens Mey	Uwe Jens Mey	http://fr.dbpedia.org/resource/Uwe-Jens_Mey	http://dbpedia.org/resource/Uwe-Jens_Mey
Ulrike Lunacek	Ulrike Lunacek	http://fr.dbpedia.org/resource/Ulrike_Lunacek	http://dbpedia.org/resource/Ulrike_Lunacek
Usaburo Hidaka	Usaburo Hidaka	http://fr.dbpedia.org/resource/Usaburo_Hidaka	http://dbpedia.org/resource/Usaburo_Hidaka
Ugo Frigerio	Ugo Frigerio	http://fr.dbpedia.org/resource/Ugo_Frigerio	http://dbpedia.org/resource/Ugo_Frigerio
Urs Kälin	Urs Kälin	http://fr.dbpedia.org/resource/Urs_Kälin	http://dbpedia.org/resource/Urs_Kälin
Urs Kaelin	Urs Kälin	http://fr.dbpedia.org/resource/Urs_Kälin	http://dbpedia.org/resource/Urs_Kälin
Urs Kalin	Urs Kälin	http://fr.dbpedia.org/resource/Urs_Kälin	http://dbpedia.org/resource/Urs_Kälin
Urbano Santos da Costa Araújo	Urbano Santos da Costa Araújo	http://fr.dbpedia.org/resource/Urbano_Santos_da_Costa_Araújo	http://dbpedia.org/resource/Urbano_Santos_da_Costa_Araújo
Urbano Santos da Costa Araujo	Urbano Santos da Costa Araújo	http://fr.dbpedia.org/resource/Urbano_Santos_da_Costa_Araújo	http://dbpedia.org/resource/Urbano_Santos_da_Costa_Araújo
Urbano santos da costa araújo	Urbano Santos da Costa Araújo	http://fr.dbpedia.org/resource/Urbano_Santos_da_Costa_Araújo	http://dbpedia.org/resource/Urbano_Santos_da_Costa_Araújo
Ulrich Goll	Ulrich Goll	http://fr.dbpedia.org/resource/Ulrich_Goll
Ulderico Carpegna	Ulderico Carpegna	http://fr.dbpedia.org/resource/Ulderico_Carpegna	http://dbpedia.org/resource/Ulderico_Carpegna
Ugo Rolandi	Ugo Rolandi	http://fr.dbpedia.org/resource/Ugo_Rolandi
Ulysse Alexandre Toussaint	Ulysse Alexandre Toussaint	http://fr.dbpedia.org/resource/Ulysse_Alexandre_Toussaint
Ulla-Maj Wideroos	Ulla Maj Wideroos	http://fr.dbpedia.org/resource/Ulla-Maj_Wideroos	http://dbpedia.org/resource/Ulla-Maj_Wideroos
Ulf Findeisen	Ulf Findeisen	http://fr.dbpedia.org/resource/Ulf_Findeisen	http://dbpedia.org/resource/Ulf_Findeisen
Ursina Lardi	Ursina Lardi	http://fr.dbpedia.org/resource/Ursina_Lardi	http://dbpedia.org/resource/Ursina_Lardi
Ursula Lardi	Ursina Lardi	http://fr.dbpedia.org/resource/Ursina_Lardi	http://dbpedia.org/resource/Ursina_Lardi
Uwe Kamps	Uwe Kamps	http://fr.dbpedia.org/resource/Uwe_Kamps	http://dbpedia.org/resource/Uwe_Kamps
Ulises Estrella	Ulises Estrella	http://fr.dbpedia.org/resource/Ulises_Estrella	http://dbpedia.org/resource/Ulises_Estrella
Uli Stielike	Uli Stielike	http://fr.dbpedia.org/resource/Uli_Stielike	http://dbpedia.org/resource/Uli_Stielike
Ulrich Stielike	Uli Stielike	http://fr.dbpedia.org/resource/Uli_Stielike	http://dbpedia.org/resource/Uli_Stielike
Ugo Agostoni	Ugo Agostoni	http://fr.dbpedia.org/resource/Ugo_Agostoni	http://dbpedia.org/resource/Ugo_Agostoni
Ugo Agostini	Ugo Agostoni	http://fr.dbpedia.org/resource/Ugo_Agostoni	http://dbpedia.org/resource/Ugo_Agostoni
Urbain Cassan	Urbain Cassan	http://fr.dbpedia.org/resource/Urbain_Cassan
Urbain III	Urbain III	http://fr.dbpedia.org/resource/Urbain_III	http://dbpedia.org/resource/Pope_Urban_III
Uta Rohländer	Uta Rohländer	http://fr.dbpedia.org/resource/Uta_Rohländer	http://dbpedia.org/resource/Uta_Rohländer
Ulrich Kirchhoff	Ulrich Kirchhoff	http://fr.dbpedia.org/resource/Ulrich_Kirchhoff	http://dbpedia.org/resource/Ulrich_Kirchhoff
Ulli Lust	Ulli Lust	http://fr.dbpedia.org/resource/Ulli_Lust
Urko Rafael Pardo Goas	Urko Rafael Pardo Goas	http://fr.dbpedia.org/resource/Urko_Rafael_Pardo_Goas	http://dbpedia.org/resource/Urko_Pardo
Uwe Reinders	Uwe Reinders	http://fr.dbpedia.org/resource/Uwe_Reinders	http://dbpedia.org/resource/Uwe_Reinders
Uriel Jones	Uriel Jones	http://fr.dbpedia.org/resource/Uriel_Jones	http://dbpedia.org/resource/Uriel_Jones
Udo Riglewski	Udo Riglewski	http://fr.dbpedia.org/resource/Udo_Riglewski	http://dbpedia.org/resource/Udo_Riglewski
Uvis Helmanis	Uvis Helmanis	http://fr.dbpedia.org/resource/Uvis_Helmanis	http://dbpedia.org/resource/Uvis_Helmanis
Ulysse Gémignani	Ulysse Gémignani	http://fr.dbpedia.org/resource/Ulysse_Gémignani	http://dbpedia.org/resource/Ulysse_Gémignani
Uwe Rösler	Uwe Rösler	http://fr.dbpedia.org/resource/Uwe_Rösler	http://dbpedia.org/resource/Uwe_Rösler
Ursula Knab	Ursula Knab	http://fr.dbpedia.org/resource/Ursula_Knab	http://dbpedia.org/resource/Ursula_Knab
Upton Sinclair	Upton Sinclair	http://fr.dbpedia.org/resource/Upton_Sinclair	http://dbpedia.org/resource/Upton_Sinclair
Ucha Lobzhanidze	Ucha Lobzhanidze	http://fr.dbpedia.org/resource/Ucha_Lobzhanidze	http://dbpedia.org/resource/Ucha_Lobjanidze
Ucha Lobjanidze	Ucha Lobzhanidze	http://fr.dbpedia.org/resource/Ucha_Lobzhanidze	http://dbpedia.org/resource/Ucha_Lobjanidze
Umut Bulut	Umut Bulut	http://fr.dbpedia.org/resource/Umut_Bulut	http://dbpedia.org/resource/Umut_Bulut
Urbain Bouriant	Urbain Bouriant	http://fr.dbpedia.org/resource/Urbain_Bouriant	http://dbpedia.org/resource/Urbain_Bouriant
Urszula Radwańska	Urszula Radwańska	http://fr.dbpedia.org/resource/Urszula_Radwańska	http://dbpedia.org/resource/Urszula_Radwańska
Urszula Radwanska	Urszula Radwańska	http://fr.dbpedia.org/resource/Urszula_Radwańska	http://dbpedia.org/resource/Urszula_Radwańska
Ulrich Neymeyr	Ulrich Neymeyr	http://fr.dbpedia.org/resource/Ulrich_Neymeyr
Urbain Wallet	Urbain Wallet	http://fr.dbpedia.org/resource/Urbain_Wallet	http://dbpedia.org/resource/Urbain_Wallet
UA (chanteuse)	UA (chanteuse)	http://fr.dbpedia.org/resource/UA_(chanteuse)	http://dbpedia.org/resource/Ua_(singer)
Urbain Le Verrier	Urbain Le Verrier	http://fr.dbpedia.org/resource/Urbain_Le_Verrier	http://dbpedia.org/resource/Urbain_Le_Verrier
Le Verrier	Urbain Le Verrier	http://fr.dbpedia.org/resource/Urbain_Le_Verrier	http://dbpedia.org/resource/Urbain_Le_Verrier
Urbain J. J. Le Verrier	Urbain Le Verrier	http://fr.dbpedia.org/resource/Urbain_Le_Verrier	http://dbpedia.org/resource/Urbain_Le_Verrier
Urbain Jean-Joseph Le Verrier	Urbain Le Verrier	http://fr.dbpedia.org/resource/Urbain_Le_Verrier	http://dbpedia.org/resource/Urbain_Le_Verrier
Urbain Jean Joseph Le Verrier	Urbain Le Verrier	http://fr.dbpedia.org/resource/Urbain_Le_Verrier	http://dbpedia.org/resource/Urbain_Le_Verrier
Urbain Leverrier	Urbain Le Verrier	http://fr.dbpedia.org/resource/Urbain_Le_Verrier	http://dbpedia.org/resource/Urbain_Le_Verrier
U Nu	U Nu	http://fr.dbpedia.org/resource/U_Nu	http://dbpedia.org/resource/U_Nu
Thakin Nu	U Nu	http://fr.dbpedia.org/resource/U_Nu	http://dbpedia.org/resource/U_Nu
Uli Hoeness	Uli Hoeness	http://fr.dbpedia.org/resource/Uli_Hoeness	http://dbpedia.org/resource/Uli_Hoeneß
Uli Hoeneß	Uli Hoeness	http://fr.dbpedia.org/resource/Uli_Hoeness	http://dbpedia.org/resource/Uli_Hoeneß
Ulrich Hoeness	Uli Hoeness	http://fr.dbpedia.org/resource/Uli_Hoeness	http://dbpedia.org/resource/Uli_Hoeneß
Ulrich Hoeneß	Uli Hoeness	http://fr.dbpedia.org/resource/Uli_Hoeness	http://dbpedia.org/resource/Uli_Hoeneß
Uwe Johnson	Uwe Johnson	http://fr.dbpedia.org/resource/Uwe_Johnson	http://dbpedia.org/resource/Uwe_Johnson
Udhayanidhi Stalin	Udhayanidhi Stalin	http://fr.dbpedia.org/resource/Udhayanidhi_Stalin	http://dbpedia.org/resource/Udhayanidhi_Stalin
Ueli Leuenberger	Ueli Leuenberger	http://fr.dbpedia.org/resource/Ueli_Leuenberger
Uroš Vilovski	Uroš Vilovski	http://fr.dbpedia.org/resource/Uroš_Vilovski	http://dbpedia.org/resource/Uroš_Vilovski
Uladzimir Sasimovich	Uladzimir Sasimovich	http://fr.dbpedia.org/resource/Uladzimir_Sasimovich	http://dbpedia.org/resource/Vladimir_Sasimovich
Vladimir Sasimovich	Uladzimir Sasimovich	http://fr.dbpedia.org/resource/Uladzimir_Sasimovich	http://dbpedia.org/resource/Vladimir_Sasimovich
Ugo Micheli	Ugo Micheli	http://fr.dbpedia.org/resource/Ugo_Micheli
Umberto Betti	Umberto Betti	http://fr.dbpedia.org/resource/Umberto_Betti	http://dbpedia.org/resource/Umberto_Betti
Uchimura Kanzō	Uchimura Kanzō	http://fr.dbpedia.org/resource/Uchimura_Kanzō	http://dbpedia.org/resource/Uchimura_Kanzō
Kanzo Uchimura	Uchimura Kanzō	http://fr.dbpedia.org/resource/Uchimura_Kanzō	http://dbpedia.org/resource/Uchimura_Kanzō
Kanzoh Uchimura	Uchimura Kanzō	http://fr.dbpedia.org/resource/Uchimura_Kanzō	http://dbpedia.org/resource/Uchimura_Kanzō
Kanzou Uchimura	Uchimura Kanzō	http://fr.dbpedia.org/resource/Uchimura_Kanzō	http://dbpedia.org/resource/Uchimura_Kanzō
Kanzô Uchimura	Uchimura Kanzō	http://fr.dbpedia.org/resource/Uchimura_Kanzō	http://dbpedia.org/resource/Uchimura_Kanzō
Kanzō Uchimura	Uchimura Kanzō	http://fr.dbpedia.org/resource/Uchimura_Kanzō	http://dbpedia.org/resource/Uchimura_Kanzō
内村鑑三	Uchimura Kanzō	http://fr.dbpedia.org/resource/Uchimura_Kanzō	http://dbpedia.org/resource/Uchimura_Kanzō
Ute Emmerich	Ute Emmerich	http://fr.dbpedia.org/resource/Ute_Emmerich
Ursa (personnage)	Ursa (personnage)	http://fr.dbpedia.org/resource/Ursa_(personnage)
Ulf Andersson	Ulf Andersson	http://fr.dbpedia.org/resource/Ulf_Andersson	http://dbpedia.org/resource/Ulf_Andersson
Umberto Benigni	Umberto Benigni	http://fr.dbpedia.org/resource/Umberto_Benigni	http://dbpedia.org/resource/Umberto_Benigni
Ulf Hedman	Ulf Hedman	http://fr.dbpedia.org/resource/Ulf_Hedman
Udo Bullmann	Udo Bullmann	http://fr.dbpedia.org/resource/Udo_Bullmann	http://dbpedia.org/resource/Udo_Bullmann
Ubaldo Biordi	Ubaldo Biordi	http://fr.dbpedia.org/resource/Ubaldo_Biordi
Umberto Menti	Umberto Menti	http://fr.dbpedia.org/resource/Umberto_Menti	http://dbpedia.org/resource/Umberto_Menti
Uri Cohen-Mintz	Uri Cohen Mintz	http://fr.dbpedia.org/resource/Uri_Cohen-Mintz
Ulises Dávila	Ulises Dávila	http://fr.dbpedia.org/resource/Ulises_Dávila	http://dbpedia.org/resource/Ulises_Dávila
Ulrich von Brockdorff-Rantzau	Ulrich von Brockdorff Rantzau	http://fr.dbpedia.org/resource/Ulrich_von_Brockdorff-Rantzau	http://dbpedia.org/resource/Ulrich_von_Brockdorff-Rantzau
Ulrich von brockdorff-rantzau	Ulrich von Brockdorff Rantzau	http://fr.dbpedia.org/resource/Ulrich_von_Brockdorff-Rantzau	http://dbpedia.org/resource/Ulrich_von_Brockdorff-Rantzau
Ub Iwerks	Ub Iwerks	http://fr.dbpedia.org/resource/Ub_Iwerks	http://dbpedia.org/resource/Ub_Iwerks
Ultimo (comics)	Ultimo (comics)	http://fr.dbpedia.org/resource/Ultimo_(comics)	http://dbpedia.org/resource/Ultimo_(Marvel_Comics)
Ulf Sterner	Ulf Sterner	http://fr.dbpedia.org/resource/Ulf_Sterner	http://dbpedia.org/resource/Ulf_Sterner
Ubaldo Jiménez	Ubaldo Jiménez	http://fr.dbpedia.org/resource/Ubaldo_Jiménez	http://dbpedia.org/resource/Ubaldo_Jiménez
Ubaldo Jimenez	Ubaldo Jiménez	http://fr.dbpedia.org/resource/Ubaldo_Jiménez	http://dbpedia.org/resource/Ubaldo_Jiménez
Ulysses Dove	Ulysses Dove	http://fr.dbpedia.org/resource/Ulysses_Dove	http://dbpedia.org/resource/Ulysses_Dove
Urbano Sacchetti	Urbano Sacchetti	http://fr.dbpedia.org/resource/Urbano_Sacchetti
Uldis Dumpis	Uldis Dumpis	http://fr.dbpedia.org/resource/Uldis_Dumpis
Uroš Delić	Uroš Delić	http://fr.dbpedia.org/resource/Uroš_Delić	http://dbpedia.org/resource/Uroš_Delić
Usain Bolt	Usain Bolt	http://fr.dbpedia.org/resource/Usain_Bolt	http://dbpedia.org/resource/Usain_Bolt
Usain	Usain Bolt	http://fr.dbpedia.org/resource/Usain_Bolt	http://dbpedia.org/resource/Usain_Bolt
Ulysse Pastre	Ulysse Pastre	http://fr.dbpedia.org/resource/Ulysse_Pastre	http://dbpedia.org/resource/Ulysse_Pastre
Uhm Jung-hwa	Uhm Jung hwa	http://fr.dbpedia.org/resource/Uhm_Jung-hwa	http://dbpedia.org/resource/Uhm_Jung-hwa
Ugo Merio	Ugo Merio	http://fr.dbpedia.org/resource/Ugo_Merio
Uwe Unterwalder	Uwe Unterwalder	http://fr.dbpedia.org/resource/Uwe_Unterwalder	http://dbpedia.org/resource/Uwe_Unterwalder
Ugo Pignotti	Ugo Pignotti	http://fr.dbpedia.org/resource/Ugo_Pignotti	http://dbpedia.org/resource/Ugo_Pignotti
Ugo Rasetto	Ugo Rasetto	http://fr.dbpedia.org/resource/Ugo_Rasetto
Ugo Rasetti	Ugo Rasetto	http://fr.dbpedia.org/resource/Ugo_Rasetto
Urbain Gohier	Urbain Gohier	http://fr.dbpedia.org/resource/Urbain_Gohier	http://dbpedia.org/resource/Urbain_Gohier
Isaac Blümchen	Urbain Gohier	http://fr.dbpedia.org/resource/Urbain_Gohier	http://dbpedia.org/resource/Urbain_Gohier
Urbain degoulet-gohier	Urbain Gohier	http://fr.dbpedia.org/resource/Urbain_Gohier	http://dbpedia.org/resource/Urbain_Gohier
Uldis Augulis	Uldis Augulis	http://fr.dbpedia.org/resource/Uldis_Augulis	http://dbpedia.org/resource/Uldis_Augulis
Urs Amann	Urs Amann	http://fr.dbpedia.org/resource/Urs_Amann	http://dbpedia.org/resource/Urs_Amann
Urie le Hittite	Urie le Hittite	http://fr.dbpedia.org/resource/Urie_le_Hittite	http://dbpedia.org/resource/Uriah_the_Hittite
Urie le hittite	Urie le Hittite	http://fr.dbpedia.org/resource/Urie_le_Hittite	http://dbpedia.org/resource/Uriah_the_Hittite
Ultra Naté	Ultra Naté	http://fr.dbpedia.org/resource/Ultra_Naté	http://dbpedia.org/resource/Ultra_Naté
Ultra Nate	Ultra Naté	http://fr.dbpedia.org/resource/Ultra_Naté	http://dbpedia.org/resource/Ultra_Naté
Ulf Grahn	Ulf Grahn	http://fr.dbpedia.org/resource/Ulf_Grahn	http://dbpedia.org/resource/Ulf_Grahn
Umberto Ghibaudo	Umberto Ghibaudo	http://fr.dbpedia.org/resource/Umberto_Ghibaudo
Ursula Karven	Ursula Karven	http://fr.dbpedia.org/resource/Ursula_Karven	http://dbpedia.org/resource/Ursula_Karven
Umika Kawashima	Umika Kawashima	http://fr.dbpedia.org/resource/Umika_Kawashima	http://dbpedia.org/resource/Umika_Kawashima
Ueleni Fono	Ueleni Fono	http://fr.dbpedia.org/resource/Ueleni_Fono	http://dbpedia.org/resource/Ueleni_Fono
Umberto Maglioli	Umberto Maglioli	http://fr.dbpedia.org/resource/Umberto_Maglioli	http://dbpedia.org/resource/Umberto_Maglioli
United Nations Intelligence Taskforce	United Nations Intelligence Taskforce	http://fr.dbpedia.org/resource/United_Nations_Intelligence_Taskforce	http://dbpedia.org/resource/UNIT
Ulric Blackburn	Ulric Blackburn	http://fr.dbpedia.org/resource/Ulric_Blackburn
Ulrich Ramé	Ulrich Ramé	http://fr.dbpedia.org/resource/Ulrich_Ramé	http://dbpedia.org/resource/Ulrich_Ramé
Ullrich Ramé	Ulrich Ramé	http://fr.dbpedia.org/resource/Ulrich_Ramé	http://dbpedia.org/resource/Ulrich_Ramé
Ulrich Rame	Ulrich Ramé	http://fr.dbpedia.org/resource/Ulrich_Ramé	http://dbpedia.org/resource/Ulrich_Ramé
Urizen	Urizen	http://fr.dbpedia.org/resource/Urizen	http://dbpedia.org/resource/Urizen
Ulrich Peltzer	Ulrich Peltzer	http://fr.dbpedia.org/resource/Ulrich_Peltzer	http://dbpedia.org/resource/Ulrich_Peltzer
Udo Horsmann	Udo Horsmann	http://fr.dbpedia.org/resource/Udo_Horsmann	http://dbpedia.org/resource/Udo_Horsmann
Uwe Krause	Uwe Krause	http://fr.dbpedia.org/resource/Uwe_Krause	http://dbpedia.org/resource/Uwe_Krause
Ulrique-Éléonore de Suède	Ulrique Éléonore de Suède	http://fr.dbpedia.org/resource/Ulrique-Éléonore_de_Suède	http://dbpedia.org/resource/Ulrika_Eleonora,_Queen_of_Sweden
Ulrique Eleonore de Suede	Ulrique Éléonore de Suède	http://fr.dbpedia.org/resource/Ulrique-Éléonore_de_Suède	http://dbpedia.org/resource/Ulrika_Eleonora,_Queen_of_Sweden
Ulrique Éléonore de Suède	Ulrique Éléonore de Suède	http://fr.dbpedia.org/resource/Ulrique-Éléonore_de_Suède	http://dbpedia.org/resource/Ulrika_Eleonora,_Queen_of_Sweden
Ulrique éléonore de suède	Ulrique Éléonore de Suède	http://fr.dbpedia.org/resource/Ulrique-Éléonore_de_Suède	http://dbpedia.org/resource/Ulrika_Eleonora,_Queen_of_Sweden
Ursula Donath	Ursula Donath	http://fr.dbpedia.org/resource/Ursula_Donath	http://dbpedia.org/resource/Ursula_Donath
Ulysse Puyvalador	Ulysse Puyvalador	http://fr.dbpedia.org/resource/Ulysse_Puyvalador
Udo Lattek	Udo Lattek	http://fr.dbpedia.org/resource/Udo_Lattek	http://dbpedia.org/resource/Udo_Lattek
Ulrich Nußbaum	Ulrich Nußbaum	http://fr.dbpedia.org/resource/Ulrich_Nußbaum
Utut Adianto	Utut Adianto	http://fr.dbpedia.org/resource/Utut_Adianto	http://dbpedia.org/resource/Utut_Adianto
Udeme Ekpeyong	Udeme Ekpeyong	http://fr.dbpedia.org/resource/Udeme_Ekpeyong	http://dbpedia.org/resource/Udeme_Ekpeyong
Udeme Ekpenyong	Udeme Ekpeyong	http://fr.dbpedia.org/resource/Udeme_Ekpeyong	http://dbpedia.org/resource/Udeme_Ekpeyong
Uzumaki Sasaki	Uzumaki Sasaki	http://fr.dbpedia.org/resource/Uzumaki_Sasaki	http://dbpedia.org/resource/Uzumaki_Sasaki
Uzo Aduba	Uzo Aduba	http://fr.dbpedia.org/resource/Uzo_Aduba	http://dbpedia.org/resource/Uzo_Aduba
Ugo Etherianus	Ugo Etherianus	http://fr.dbpedia.org/resource/Ugo_Etherianus	http://dbpedia.org/resource/Hugo_Etherianis
Hugues Ethérien	Ugo Etherianus	http://fr.dbpedia.org/resource/Ugo_Etherianus	http://dbpedia.org/resource/Hugo_Etherianis
Uwe Bewersdorff	Uwe Bewersdorff	http://fr.dbpedia.org/resource/Uwe_Bewersdorff	http://dbpedia.org/resource/Uwe_Bewersdorf
Uche Nsonwu-Amadi	Uche Nsonwu Amadi	http://fr.dbpedia.org/resource/Uche_Nsonwu-Amadi
Uche Nsonwu Amadi	Uche Nsonwu Amadi	http://fr.dbpedia.org/resource/Uche_Nsonwu-Amadi
Uche Nsonwu	Uche Nsonwu Amadi	http://fr.dbpedia.org/resource/Uche_Nsonwu-Amadi
Udo Beyer	Udo Beyer	http://fr.dbpedia.org/resource/Udo_Beyer	http://dbpedia.org/resource/Udo_Beyer
Uberto Poggi	Uberto Poggi	http://fr.dbpedia.org/resource/Uberto_Poggi
Ursula Lehr	Ursula Lehr	http://fr.dbpedia.org/resource/Ursula_Lehr	http://dbpedia.org/resource/Ursula_Lehr
Ulises Ruiz Ortiz	Ulises Ruiz Ortiz	http://fr.dbpedia.org/resource/Ulises_Ruiz_Ortiz	http://dbpedia.org/resource/Ulises_Ruiz_Ortiz
Ulises Ruiz	Ulises Ruiz Ortiz	http://fr.dbpedia.org/resource/Ulises_Ruiz_Ortiz	http://dbpedia.org/resource/Ulises_Ruiz_Ortiz
Uell Stanley Andersen	Uell Stanley Andersen	http://fr.dbpedia.org/resource/Uell_Stanley_Andersen	http://dbpedia.org/resource/Uell_Stanley_Andersen
U.S. Andersen	Uell Stanley Andersen	http://fr.dbpedia.org/resource/Uell_Stanley_Andersen	http://dbpedia.org/resource/Uell_Stanley_Andersen
Urszula Włodarczyk	Urszula Włodarczyk	http://fr.dbpedia.org/resource/Urszula_Włodarczyk	http://dbpedia.org/resource/Urszula_Włodarczyk
Urszula Wlodarczyk	Urszula Włodarczyk	http://fr.dbpedia.org/resource/Urszula_Włodarczyk	http://dbpedia.org/resource/Urszula_Włodarczyk
Ulrike Urbansky	Ulrike Urbansky	http://fr.dbpedia.org/resource/Ulrike_Urbansky	http://dbpedia.org/resource/Ulrike_Urbansky
Urbain II	Urbain II	http://fr.dbpedia.org/resource/Urbain_II	http://dbpedia.org/resource/Pope_Urban_II
Eudes de Chatillon	Urbain II	http://fr.dbpedia.org/resource/Urbain_II	http://dbpedia.org/resource/Pope_Urban_II
Eudes de Châtillon	Urbain II	http://fr.dbpedia.org/resource/Urbain_II	http://dbpedia.org/resource/Pope_Urban_II
Odon de Lagery	Urbain II	http://fr.dbpedia.org/resource/Urbain_II	http://dbpedia.org/resource/Pope_Urban_II
Ulrich Vinzents	Ulrich Vinzents	http://fr.dbpedia.org/resource/Ulrich_Vinzents	http://dbpedia.org/resource/Ulrich_Vinzents
Uasi Heleta	Uasi Heleta	http://fr.dbpedia.org/resource/Uasi_Heleta	http://dbpedia.org/resource/Uasila'a_Heleta
Ulysse Papadopoulos	Ulysse Papadopoulos	http://fr.dbpedia.org/resource/Ulysse_Papadopoulos
Ung Huot	Ung Huot	http://fr.dbpedia.org/resource/Ung_Huot	http://dbpedia.org/resource/Ung_Huot
Uwe Bein	Uwe Bein	http://fr.dbpedia.org/resource/Uwe_Bein	http://dbpedia.org/resource/Uwe_Bein
Ulf Mårtensson	Ulf Mårtensson	http://fr.dbpedia.org/resource/Ulf_Mårtensson
Uwe Schünemann	Uwe Schünemann	http://fr.dbpedia.org/resource/Uwe_Schünemann	http://dbpedia.org/resource/Uwe_Schünemann
Uroš Vitas	Uroš Vitas	http://fr.dbpedia.org/resource/Uroš_Vitas	http://dbpedia.org/resource/Uroš_Vitas
U. G. Krishnamurti	U. G. Krishnamurti	http://fr.dbpedia.org/resource/U._G._Krishnamurti	http://dbpedia.org/resource/U._G._Krishnamurti
U.G. Krishnamurti	U. G. Krishnamurti	http://fr.dbpedia.org/resource/U._G._Krishnamurti	http://dbpedia.org/resource/U._G._Krishnamurti
U.G Krishnamurti	U. G. Krishnamurti	http://fr.dbpedia.org/resource/U._G._Krishnamurti	http://dbpedia.org/resource/U._G._Krishnamurti
UG Krishnamurti	U. G. Krishnamurti	http://fr.dbpedia.org/resource/U._G._Krishnamurti	http://dbpedia.org/resource/U._G._Krishnamurti
Uroš Murn	Uroš Murn	http://fr.dbpedia.org/resource/Uroš_Murn	http://dbpedia.org/resource/Uroš_Murn
Uros Murn	Uroš Murn	http://fr.dbpedia.org/resource/Uroš_Murn	http://dbpedia.org/resource/Uroš_Murn
Udón Pérez	Udón Pérez	http://fr.dbpedia.org/resource/Udón_Pérez
Udon Pérez	Udón Pérez	http://fr.dbpedia.org/resource/Udón_Pérez
Udon Perez	Udón Pérez	http://fr.dbpedia.org/resource/Udón_Pérez
Uriel Sebree	Uriel Sebree	http://fr.dbpedia.org/resource/Uriel_Sebree	http://dbpedia.org/resource/Uriel_Sebree
Usher	Usher	http://fr.dbpedia.org/resource/Usher	http://dbpedia.org/resource/Usher_(entertainer)
Usher Raymond	Usher	http://fr.dbpedia.org/resource/Usher	http://dbpedia.org/resource/Usher_(entertainer)
Usher Raymond IV	Usher	http://fr.dbpedia.org/resource/Usher	http://dbpedia.org/resource/Usher_(entertainer)
Ugo (cardinal, 1190)	Ugo (cardinal, 1190)	http://fr.dbpedia.org/resource/Ugo_(cardinal,_1190)
Ugo	Ugo (cardinal, 1190)	http://fr.dbpedia.org/resource/Ugo_(cardinal,_1190)
Ulla Lindkvist	Ulla Lindkvist	http://fr.dbpedia.org/resource/Ulla_Lindkvist	http://dbpedia.org/resource/Ulla_Lindkvist
Ulrich Beck	Ulrich Beck	http://fr.dbpedia.org/resource/Ulrich_Beck	http://dbpedia.org/resource/Ulrich_Beck
Ulrich beck	Ulrich Beck	http://fr.dbpedia.org/resource/Ulrich_Beck	http://dbpedia.org/resource/Ulrich_Beck
Udo Jürgens	Udo Jürgens	http://fr.dbpedia.org/resource/Udo_Jürgens	http://dbpedia.org/resource/Udo_Jürgens
Udo Jurgens	Udo Jürgens	http://fr.dbpedia.org/resource/Udo_Jürgens	http://dbpedia.org/resource/Udo_Jürgens
Ultron	Ultron	http://fr.dbpedia.org/resource/Ultron	http://dbpedia.org/resource/Ultron
Unai Osa	Unai Osa	http://fr.dbpedia.org/resource/Unai_Osa	http://dbpedia.org/resource/Unai_Osa
Unai Osa Eizaguirre	Unai Osa	http://fr.dbpedia.org/resource/Unai_Osa	http://dbpedia.org/resource/Unai_Osa
Ulrich Stein	Ulrich Stein	http://fr.dbpedia.org/resource/Ulrich_Stein	http://dbpedia.org/resource/Uli_Stein
Uli Stein	Ulrich Stein	http://fr.dbpedia.org/resource/Ulrich_Stein	http://dbpedia.org/resource/Uli_Stein
Ulrich Graf	Ulrich Graf	http://fr.dbpedia.org/resource/Ulrich_Graf	http://dbpedia.org/resource/Ulrich_Graf
Urszula Sadkowska	Urszula Sadkowska	http://fr.dbpedia.org/resource/Urszula_Sadkowska	http://dbpedia.org/resource/Urszula_Sadkowska
Unexist	Unexist	http://fr.dbpedia.org/resource/Unexist
Un3xist	Unexist	http://fr.dbpedia.org/resource/Unexist
Francesco Iapicca	Unexist	http://fr.dbpedia.org/resource/Unexist
Ulf Kirsten	Ulf Kirsten	http://fr.dbpedia.org/resource/Ulf_Kirsten	http://dbpedia.org/resource/Ulf_Kirsten
Uesugi Mochinori	Uesugi Mochinori	http://fr.dbpedia.org/resource/Uesugi_Mochinori	http://dbpedia.org/resource/Uesugi_Mochinori
Urho Kekkonen	Urho Kekkonen	http://fr.dbpedia.org/resource/Urho_Kekkonen	http://dbpedia.org/resource/Urho_Kekkonen
Kekkonen	Urho Kekkonen	http://fr.dbpedia.org/resource/Urho_Kekkonen	http://dbpedia.org/resource/Urho_Kekkonen
Urho Kaleva Kekkonen	Urho Kekkonen	http://fr.dbpedia.org/resource/Urho_Kekkonen	http://dbpedia.org/resource/Urho_Kekkonen
Uroš Silar	Uroš Silar	http://fr.dbpedia.org/resource/Uroš_Silar
Uros Silar	Uroš Silar	http://fr.dbpedia.org/resource/Uroš_Silar
Ulysse Adjagba	Ulysse Adjagba	http://fr.dbpedia.org/resource/Ulysse_Adjagba	http://dbpedia.org/resource/Ulysse_Adjagba
Urbain Ier	Urbain Ier	http://fr.dbpedia.org/resource/Urbain_Ier	http://dbpedia.org/resource/Pope_Urban_I
Ulmo	Ulmo	http://fr.dbpedia.org/resource/Ulmo	http://dbpedia.org/resource/Ulmo
Ulumúri	Ulmo	http://fr.dbpedia.org/resource/Ulmo	http://dbpedia.org/resource/Ulmo
Uroš Zorman	Uroš Zorman	http://fr.dbpedia.org/resource/Uroš_Zorman	http://dbpedia.org/resource/Uroš_Zorman
Uros Zorman	Uroš Zorman	http://fr.dbpedia.org/resource/Uroš_Zorman	http://dbpedia.org/resource/Uroš_Zorman
Ulises Solís	Ulises Solís	http://fr.dbpedia.org/resource/Ulises_Solís	http://dbpedia.org/resource/Ulises_Solís
Ulises Solis	Ulises Solís	http://fr.dbpedia.org/resource/Ulises_Solís	http://dbpedia.org/resource/Ulises_Solís
Uri Ariel	Uri Ariel	http://fr.dbpedia.org/resource/Uri_Ariel	http://dbpedia.org/resource/Uri_Ariel
Uma Aaltonen	Uma Aaltonen	http://fr.dbpedia.org/resource/Uma_Aaltonen	http://dbpedia.org/resource/Uma_Aaltonen
Umberto de Morpurgo	Umberto de Morpurgo	http://fr.dbpedia.org/resource/Umberto_de_Morpurgo	http://dbpedia.org/resource/Umberto_De_Morpurgo
Uwe Boll	Uwe Boll	http://fr.dbpedia.org/resource/Uwe_Boll	http://dbpedia.org/resource/Uwe_Boll
Ulrica Lindström	Ulrica Lindström	http://fr.dbpedia.org/resource/Ulrica_Lindström	http://dbpedia.org/resource/Ulrica_Lindström
Ulrica Lindstrom	Ulrica Lindström	http://fr.dbpedia.org/resource/Ulrica_Lindström	http://dbpedia.org/resource/Ulrica_Lindström
Udo Heilmann	Udo Heilmann	http://fr.dbpedia.org/resource/Udo_Heilmann
Uta-Maria Kuder	Uta Maria Kuder	http://fr.dbpedia.org/resource/Uta-Maria_Kuder
Udo Kiessling	Udo Kiessling	http://fr.dbpedia.org/resource/Udo_Kiessling	http://dbpedia.org/resource/Udo_Kiessling
Udo Kießling	Udo Kiessling	http://fr.dbpedia.org/resource/Udo_Kiessling	http://dbpedia.org/resource/Udo_Kiessling
Ursula Burns	Ursula Burns	http://fr.dbpedia.org/resource/Ursula_Burns	http://dbpedia.org/resource/Ursula_Burns
Ulrich von Jungingen	Ulrich von Jungingen	http://fr.dbpedia.org/resource/Ulrich_von_Jungingen	http://dbpedia.org/resource/Ulrich_von_Jungingen
Ulrich von jungingen	Ulrich von Jungingen	http://fr.dbpedia.org/resource/Ulrich_von_Jungingen	http://dbpedia.org/resource/Ulrich_von_Jungingen
Ugo Conti	Ugo Conti	http://fr.dbpedia.org/resource/Ugo_Conti
Ute Enzenauer	Ute Enzenauer	http://fr.dbpedia.org/resource/Ute_Enzenauer	http://dbpedia.org/resource/Ute_Enzenauer
Urs Freuler	Urs Freuler	http://fr.dbpedia.org/resource/Urs_Freuler	http://dbpedia.org/resource/Urs_Freuler
Uhuru Kenyatta	Uhuru Kenyatta	http://fr.dbpedia.org/resource/Uhuru_Kenyatta	http://dbpedia.org/resource/Uhuru_Kenyatta
Urs Fischer	Urs Fischer	http://fr.dbpedia.org/resource/Urs_Fischer	http://dbpedia.org/resource/Urs_Fischer
Urs fischer	Urs Fischer	http://fr.dbpedia.org/resource/Urs_Fischer	http://dbpedia.org/resource/Urs_Fischer
Ugo Mola	Ugo Mola	http://fr.dbpedia.org/resource/Ugo_Mola
Umibôzu (City Hunter)	Umibôzu (City Hunter)	http://fr.dbpedia.org/resource/Umibôzu_(City_Hunter)
Umibozu	Umibôzu (City Hunter)	http://fr.dbpedia.org/resource/Umibôzu_(City_Hunter)
John Arteau	Umibôzu (City Hunter)	http://fr.dbpedia.org/resource/Umibôzu_(City_Hunter)
Uladzimir Kazlou	Uladzimir Kazlou	http://fr.dbpedia.org/resource/Uladzimir_Kazlou	http://dbpedia.org/resource/Uladzimir_Kazlou
Unto Wiitala	Unto Wiitala	http://fr.dbpedia.org/resource/Unto_Wiitala	http://dbpedia.org/resource/Unto_Wiitala
Uli Windisch	Uli Windisch	http://fr.dbpedia.org/resource/Uli_Windisch
Uwe Kockisch	Uwe Kockisch	http://fr.dbpedia.org/resource/Uwe_Kockisch	http://dbpedia.org/resource/Uwe_Kockisch
Ulysse Butin	Ulysse Butin	http://fr.dbpedia.org/resource/Ulysse_Butin
Uday Shankar	Uday Shankar	http://fr.dbpedia.org/resource/Uday_Shankar	http://dbpedia.org/resource/Uday_Shankar
Ulrike Richter	Ulrike Richter	http://fr.dbpedia.org/resource/Ulrike_Richter	http://dbpedia.org/resource/Ulrike_Richter
Uliana Donskova	Uliana Donskova	http://fr.dbpedia.org/resource/Uliana_Donskova	http://dbpedia.org/resource/Uliana_Donskova
Ulyana Donskova	Uliana Donskova	http://fr.dbpedia.org/resource/Uliana_Donskova	http://dbpedia.org/resource/Uliana_Donskova
Ubaldo Soddu	Ubaldo Soddu	http://fr.dbpedia.org/resource/Ubaldo_Soddu	http://dbpedia.org/resource/Ubaldo_Soddu
Ulrik Laursen	Ulrik Laursen	http://fr.dbpedia.org/resource/Ulrik_Laursen	http://dbpedia.org/resource/Ulrik_Laursen
Ubaldino Peruzzi	Ubaldino Peruzzi	http://fr.dbpedia.org/resource/Ubaldino_Peruzzi
Ulric Guttinguer (acteur)	Ulric Guttinguer (acteur)	http://fr.dbpedia.org/resource/Ulric_Guttinguer_(acteur)
Ursula (Disney)	Ursula (Disney)	http://fr.dbpedia.org/resource/Ursula_(Disney)	http://dbpedia.org/resource/List_of_Disney's_The_Little_Mermaid_characters
Uğur Mumcu	Uğur Mumcu	http://fr.dbpedia.org/resource/Uğur_Mumcu	http://dbpedia.org/resource/Uğur_Mumcu
Ugur Mumcu	Uğur Mumcu	http://fr.dbpedia.org/resource/Uğur_Mumcu	http://dbpedia.org/resource/Uğur_Mumcu
Ulla Schmidt	Ulla Schmidt	http://fr.dbpedia.org/resource/Ulla_Schmidt	http://dbpedia.org/resource/Ulla_Schmidt
Ugyen Wangchuk	Ugyen Wangchuk	http://fr.dbpedia.org/resource/Ugyen_Wangchuk	http://dbpedia.org/resource/Ugyen_Wangchuck
Ugyen Wangchuck	Ugyen Wangchuk	http://fr.dbpedia.org/resource/Ugyen_Wangchuk	http://dbpedia.org/resource/Ugyen_Wangchuck
Urs Widmer	Urs Widmer	http://fr.dbpedia.org/resource/Urs_Widmer	http://dbpedia.org/resource/Urs_Widmer
Ulrich Salchow	Ulrich Salchow	http://fr.dbpedia.org/resource/Ulrich_Salchow	http://dbpedia.org/resource/Ulrich_Salchow
Ulf Samuelsson	Ulf Samuelsson	http://fr.dbpedia.org/resource/Ulf_Samuelsson	http://dbpedia.org/resource/Ulf_Samuelsson
Uwe Seeler	Uwe Seeler	http://fr.dbpedia.org/resource/Uwe_Seeler	http://dbpedia.org/resource/Uwe_Seeler
U-Jean	U Jean	http://fr.dbpedia.org/resource/U-Jean	http://dbpedia.org/resource/U-Jean
U-Foes	U Foes	http://fr.dbpedia.org/resource/U-Foes	http://dbpedia.org/resource/U-Foes
U-foes	U Foes	http://fr.dbpedia.org/resource/U-Foes	http://dbpedia.org/resource/U-Foes
Urpo Sivula	Urpo Sivula	http://fr.dbpedia.org/resource/Urpo_Sivula	http://dbpedia.org/resource/Urpo_Sivula
Uroš Đurđević	Uroš Đurđević	http://fr.dbpedia.org/resource/Uroš_Đurđević	http://dbpedia.org/resource/Uroš_Đurđević
Ulrich Borowka	Ulrich Borowka	http://fr.dbpedia.org/resource/Ulrich_Borowka	http://dbpedia.org/resource/Ulrich_Borowka
Uli Borowka	Ulrich Borowka	http://fr.dbpedia.org/resource/Ulrich_Borowka	http://dbpedia.org/resource/Ulrich_Borowka
Uffe Elbæk	Uffe Elbæk	http://fr.dbpedia.org/resource/Uffe_Elbæk	http://dbpedia.org/resource/Uffe_Elbæk
Uchida Kuichi	Uchida Kuichi	http://fr.dbpedia.org/resource/Uchida_Kuichi	http://dbpedia.org/resource/Uchida_Kuichi
Kuichi Uchida	Uchida Kuichi	http://fr.dbpedia.org/resource/Uchida_Kuichi	http://dbpedia.org/resource/Uchida_Kuichi
Umar Cheema	Umar Cheema	http://fr.dbpedia.org/resource/Umar_Cheema	http://dbpedia.org/resource/Umar_Cheema
Udo Zimmermann	Udo Zimmermann	http://fr.dbpedia.org/resource/Udo_Zimmermann	http://dbpedia.org/resource/Udo_Zimmermann
Ugo Zimmermann	Udo Zimmermann	http://fr.dbpedia.org/resource/Udo_Zimmermann	http://dbpedia.org/resource/Udo_Zimmermann
Urbain VIII	Urbain VIII	http://fr.dbpedia.org/resource/Urbain_VIII	http://dbpedia.org/resource/Pope_Urban_VIII
Maffeo Barberini	Urbain VIII	http://fr.dbpedia.org/resource/Urbain_VIII	http://dbpedia.org/resource/Pope_Urban_VIII
Ursula Wyss	Ursula Wyss	http://fr.dbpedia.org/resource/Ursula_Wyss
Ugo Locatelli	Ugo Locatelli	http://fr.dbpedia.org/resource/Ugo_Locatelli	http://dbpedia.org/resource/Ugo_Locatelli
Ukyo Katayama	Ukyo Katayama	http://fr.dbpedia.org/resource/Ukyo_Katayama	http://dbpedia.org/resource/Ukyo_Katayama
Ulrich Peters	Ulrich Peters	http://fr.dbpedia.org/resource/Ulrich_Peters
Ulrich Pfeil	Ulrich Pfeil	http://fr.dbpedia.org/resource/Ulrich_Pfeil
Udo Dirkschneider	Udo Dirkschneider	http://fr.dbpedia.org/resource/Udo_Dirkschneider	http://dbpedia.org/resource/Udo_Dirkschneider
Urs Bühler	Urs Bühler	http://fr.dbpedia.org/resource/Urs_Bühler	http://dbpedia.org/resource/Urs_Bühler
Ushio Amagatsu	Ushio Amagatsu	http://fr.dbpedia.org/resource/Ushio_Amagatsu	http://dbpedia.org/resource/Ushio_Amagatsu
Amagatsu Ushio	Ushio Amagatsu	http://fr.dbpedia.org/resource/Ushio_Amagatsu	http://dbpedia.org/resource/Ushio_Amagatsu
Ursula Șchiopu	Ursula Șchiopu	http://fr.dbpedia.org/resource/Ursula_Șchiopu	http://dbpedia.org/resource/Ursula_Șchiopu
Uwe Döring	Uwe Döring	http://fr.dbpedia.org/resource/Uwe_Döring
Urbain-René-Thomas Le Bouvier-Desmortiers	Urbain René Thomas Le Bouvier Desmortiers	http://fr.dbpedia.org/resource/Urbain-René-Thomas_Le_Bouvier-Desmortiers
Uğur Uçar	Uğur Uçar	http://fr.dbpedia.org/resource/Uğur_Uçar	http://dbpedia.org/resource/Uğur_Uçar
Ugur Ucar	Uğur Uçar	http://fr.dbpedia.org/resource/Uğur_Uçar	http://dbpedia.org/resource/Uğur_Uçar
Ulik	Ulik	http://fr.dbpedia.org/resource/Ulik	http://dbpedia.org/resource/Ulik
Ulrich II de Frise orientale	Ulrich II de Frise orientale	http://fr.dbpedia.org/resource/Ulrich_II_de_Frise_orientale	http://dbpedia.org/resource/Ulrich_II,_Count_of_East_Frisia
Umberto Lenzi	Umberto Lenzi	http://fr.dbpedia.org/resource/Umberto_Lenzi	http://dbpedia.org/resource/Umberto_Lenzi
Ulrike Trebesius	Ulrike Trebesius	http://fr.dbpedia.org/resource/Ulrike_Trebesius
Urška Hrovat	Urška Hrovat	http://fr.dbpedia.org/resource/Urška_Hrovat	http://dbpedia.org/resource/Urška_Hrovat
Urska Hrovat	Urška Hrovat	http://fr.dbpedia.org/resource/Urška_Hrovat	http://dbpedia.org/resource/Urška_Hrovat
Urša Bogataj	Urša Bogataj	http://fr.dbpedia.org/resource/Urša_Bogataj	http://dbpedia.org/resource/Urša_Bogataj
Ursa Bogataj	Urša Bogataj	http://fr.dbpedia.org/resource/Urša_Bogataj	http://dbpedia.org/resource/Urša_Bogataj
Ulrich Wehling	Ulrich Wehling	http://fr.dbpedia.org/resource/Ulrich_Wehling	http://dbpedia.org/resource/Ulrich_Wehling
Ursula Andress	Ursula Andress	http://fr.dbpedia.org/resource/Ursula_Andress	http://dbpedia.org/resource/Ursula_Andress
Uschi Disl	Uschi Disl	http://fr.dbpedia.org/resource/Uschi_Disl	http://dbpedia.org/resource/Uschi_Disl
Ugo Pierleoni (cardinal, 1164)	Ugo Pierleoni (cardinal, 1164)	http://fr.dbpedia.org/resource/Ugo_Pierleoni_(cardinal,_1164)
Ugo Pierleoni	Ugo Pierleoni (cardinal, 1164)	http://fr.dbpedia.org/resource/Ugo_Pierleoni_(cardinal,_1164)
Uno Palu	Uno Palu	http://fr.dbpedia.org/resource/Uno_Palu	http://dbpedia.org/resource/Uno_Palu
Uranchimegiin Mönkh-Erdene	Uranchimegiin Mönkh Erdene	http://fr.dbpedia.org/resource/Uranchimegiin_Mönkh-Erdene	http://dbpedia.org/resource/Uranchimegiin_Mönkh-Erdene
Umberto Boccioni	Umberto Boccioni	http://fr.dbpedia.org/resource/Umberto_Boccioni	http://dbpedia.org/resource/Umberto_Boccioni
Boccioni	Umberto Boccioni	http://fr.dbpedia.org/resource/Umberto_Boccioni	http://dbpedia.org/resource/Umberto_Boccioni
Uggie	Uggie	http://fr.dbpedia.org/resource/Uggie	http://dbpedia.org/resource/Uggie
Uggy	Uggie	http://fr.dbpedia.org/resource/Uggie	http://dbpedia.org/resource/Uggie
Ulrique-Éléonore de Danemark	Ulrique Éléonore de Danemark	http://fr.dbpedia.org/resource/Ulrique-Éléonore_de_Danemark	http://dbpedia.org/resource/Ulrika_Eleonora_of_Denmark
Ulrique Éléonore de Danemark	Ulrique Éléonore de Danemark	http://fr.dbpedia.org/resource/Ulrique-Éléonore_de_Danemark	http://dbpedia.org/resource/Ulrika_Eleonora_of_Denmark
Uwe Schwenker	Uwe Schwenker	http://fr.dbpedia.org/resource/Uwe_Schwenker	http://dbpedia.org/resource/Uwe_Schwenker
Ugo Mifsud Bonnici	Ugo Mifsud Bonnici	http://fr.dbpedia.org/resource/Ugo_Mifsud_Bonnici	http://dbpedia.org/resource/Ugo_Mifsud_Bonnici
Umberto Drei	Umberto Drei	http://fr.dbpedia.org/resource/Umberto_Drei	http://dbpedia.org/resource/Umberto_Drei
Uroš Knežević	Uroš Knežević	http://fr.dbpedia.org/resource/Uroš_Knežević	http://dbpedia.org/resource/Uroš_Knežević
Uros Knezevic	Uroš Knežević	http://fr.dbpedia.org/resource/Uroš_Knežević	http://dbpedia.org/resource/Uroš_Knežević
Uuno Klami	Uuno Klami	http://fr.dbpedia.org/resource/Uuno_Klami	http://dbpedia.org/resource/Uuno_Klami
Una Foden	Una Foden	http://fr.dbpedia.org/resource/Una_Foden	http://dbpedia.org/resource/Una_Healy
Una Healy	Una Foden	http://fr.dbpedia.org/resource/Una_Foden	http://dbpedia.org/resource/Una_Healy
Uli Hiemer	Uli Hiemer	http://fr.dbpedia.org/resource/Uli_Hiemer	http://dbpedia.org/resource/Uli_Hiemer
Ulrich Hiemer	Uli Hiemer	http://fr.dbpedia.org/resource/Uli_Hiemer	http://dbpedia.org/resource/Uli_Hiemer
Usopp	Usopp	http://fr.dbpedia.org/resource/Usopp
Pipo	Usopp	http://fr.dbpedia.org/resource/Usopp
Ussop	Usopp	http://fr.dbpedia.org/resource/Usopp
Ulysse-François-Ange de Séguier	Ulysse François Ange de Séguier	http://fr.dbpedia.org/resource/Ulysse-François-Ange_de_Séguier
Ulysse François Ange comte de Séguier	Ulysse François Ange de Séguier	http://fr.dbpedia.org/resource/Ulysse-François-Ange_de_Séguier
Ulysse de Séguier	Ulysse François Ange de Séguier	http://fr.dbpedia.org/resource/Ulysse-François-Ange_de_Séguier
Ulrich Kleemann	Ulrich Kleemann	http://fr.dbpedia.org/resource/Ulrich_Kleemann	http://dbpedia.org/resource/Ulrich_Kleemann
Ugo Monye	Ugo Monye	http://fr.dbpedia.org/resource/Ugo_Monye	http://dbpedia.org/resource/Ugo_Monye
Umberto Battist	Umberto Battist	http://fr.dbpedia.org/resource/Umberto_Battist
Ueli Kestenholz	Ueli Kestenholz	http://fr.dbpedia.org/resource/Ueli_Kestenholz	http://dbpedia.org/resource/Ueli_Kestenholz
Umberto Pennano	Umberto Pennano	http://fr.dbpedia.org/resource/Umberto_Pennano
Ugo Farell	Ugo Farell	http://fr.dbpedia.org/resource/Ugo_Farell
Ugo farell	Ugo Farell	http://fr.dbpedia.org/resource/Ugo_Farell
Uwe Daßler	Uwe Daßler	http://fr.dbpedia.org/resource/Uwe_Daßler	http://dbpedia.org/resource/Uwe_Dassler
Uwe Dassler	Uwe Daßler	http://fr.dbpedia.org/resource/Uwe_Daßler	http://dbpedia.org/resource/Uwe_Dassler
U Roy	U Roy	http://fr.dbpedia.org/resource/U_Roy	http://dbpedia.org/resource/U-Roy
Hugh Roy	U Roy	http://fr.dbpedia.org/resource/U_Roy	http://dbpedia.org/resource/U-Roy
U-Roy	U Roy	http://fr.dbpedia.org/resource/U_Roy	http://dbpedia.org/resource/U-Roy
Unai Uribarri	Unai Uribarri	http://fr.dbpedia.org/resource/Unai_Uribarri	http://dbpedia.org/resource/Unai_Uribarri
Unai Uribarri Artabe	Unai Uribarri	http://fr.dbpedia.org/resource/Unai_Uribarri	http://dbpedia.org/resource/Unai_Uribarri
Urszula Bejga	Urszula Bejga	http://fr.dbpedia.org/resource/Urszula_Bejga
Urša Bežan	Urša Bežan	http://fr.dbpedia.org/resource/Urša_Bežan	http://dbpedia.org/resource/Urša_Bežan
Ursa Bezan	Urša Bežan	http://fr.dbpedia.org/resource/Urša_Bežan	http://dbpedia.org/resource/Urša_Bežan
Uwe Messerschmidt	Uwe Messerschmidt	http://fr.dbpedia.org/resource/Uwe_Messerschmidt	http://dbpedia.org/resource/Uwe_Messerschmidt
Uéslei Raimundo Pereira da Silva	Uéslei Raimundo Pereira da Silva	http://fr.dbpedia.org/resource/Uéslei_Raimundo_Pereira_da_Silva	http://dbpedia.org/resource/Ueslei
Uzeyir Hajibeyov	Uzeyir Hajibeyov	http://fr.dbpedia.org/resource/Uzeyir_Hajibeyov	http://dbpedia.org/resource/Uzeyir_Hajibeyov
Uroš Spajić	Uroš Spajić	http://fr.dbpedia.org/resource/Uroš_Spajić	http://dbpedia.org/resource/Uroš_Spajić
Uroš Spajic	Uroš Spajić	http://fr.dbpedia.org/resource/Uroš_Spajić	http://dbpedia.org/resource/Uroš_Spajić
Ueli Amstad	Ueli Amstad	http://fr.dbpedia.org/resource/Ueli_Amstad
Urbain François Lambert	Urbain François Lambert	http://fr.dbpedia.org/resource/Urbain_François_Lambert
Ulrich Boom	Ulrich Boom	http://fr.dbpedia.org/resource/Ulrich_Boom
Urs Salzmann	Urs Salzmann	http://fr.dbpedia.org/resource/Urs_Salzmann	http://dbpedia.org/resource/Urs_Salzmann
Urbain VII	Urbain VII	http://fr.dbpedia.org/resource/Urbain_VII	http://dbpedia.org/resource/Pope_Urban_VII
Uroš Vidmar	Uroš Vidmar	http://fr.dbpedia.org/resource/Uroš_Vidmar
Uros Vidmar	Uroš Vidmar	http://fr.dbpedia.org/resource/Uroš_Vidmar
Ulfranc Saint-Laurent	Ulfranc Saint Laurent	http://fr.dbpedia.org/resource/Ulfranc_Saint-Laurent
Ulf Linde	Ulf Linde	http://fr.dbpedia.org/resource/Ulf_Linde	http://dbpedia.org/resource/Ulf_Linde
Uri Rosenthal	Uri Rosenthal	http://fr.dbpedia.org/resource/Uri_Rosenthal	http://dbpedia.org/resource/Uri_Rosenthal
Ulrich Schreck	Ulrich Schreck	http://fr.dbpedia.org/resource/Ulrich_Schreck	http://dbpedia.org/resource/Ulrich_Schreck
Ulrik Plesner	Ulrik Plesner	http://fr.dbpedia.org/resource/Ulrik_Plesner	http://dbpedia.org/resource/Ulrik_Plesner
Ulrik Adolph Plesner	Ulrik Plesner	http://fr.dbpedia.org/resource/Ulrik_Plesner	http://dbpedia.org/resource/Ulrik_Plesner
Umberto Caligaris	Umberto Caligaris	http://fr.dbpedia.org/resource/Umberto_Caligaris	http://dbpedia.org/resource/Umberto_Caligaris
Uma no Naishi	Uma no Naishi	http://fr.dbpedia.org/resource/Uma_no_Naishi
Ulf Palme	Ulf Palme	http://fr.dbpedia.org/resource/Ulf_Palme	http://dbpedia.org/resource/Ulf_Palme
Ursula Buffay	Ursula Buffay	http://fr.dbpedia.org/resource/Ursula_Buffay
Uwe Rahn	Uwe Rahn	http://fr.dbpedia.org/resource/Uwe_Rahn	http://dbpedia.org/resource/Uwe_Rahn
Uwe von Schamann	Uwe von Schamann	http://fr.dbpedia.org/resource/Uwe_von_Schamann	http://dbpedia.org/resource/Uwe_von_Schamann
Urpo Ylönen	Urpo Ylönen	http://fr.dbpedia.org/resource/Urpo_Ylönen	http://dbpedia.org/resource/Urpo_Ylönen
Ulises Saucedo	Ulises Saucedo	http://fr.dbpedia.org/resource/Ulises_Saucedo	http://dbpedia.org/resource/Ulises_Saucedo
Ugo Anzile	Ugo Anzile	http://fr.dbpedia.org/resource/Ugo_Anzile
Ute Lemper	Ute Lemper	http://fr.dbpedia.org/resource/Ute_Lemper	http://dbpedia.org/resource/Ute_Lemper
Ute Erdsiek-Rave	Ute Erdsiek Rave	http://fr.dbpedia.org/resource/Ute_Erdsiek-Rave
Uberto Gambara	Uberto Gambara	http://fr.dbpedia.org/resource/Uberto_Gambara	http://dbpedia.org/resource/Uberto_Gambara
Umberto de Gambara	Uberto Gambara	http://fr.dbpedia.org/resource/Uberto_Gambara	http://dbpedia.org/resource/Uberto_Gambara
Ulrike Meinhof	Ulrike Meinhof	http://fr.dbpedia.org/resource/Ulrike_Meinhof	http://dbpedia.org/resource/Ulrike_Meinhof
Ulrike Meinhoff	Ulrike Meinhof	http://fr.dbpedia.org/resource/Ulrike_Meinhof	http://dbpedia.org/resource/Ulrike_Meinhof
Ulvi Cemal Erkin	Ulvi Cemal Erkin	http://fr.dbpedia.org/resource/Ulvi_Cemal_Erkin	http://dbpedia.org/resource/Ulvi_Cemal_Erkin
Uema Ayano	Uema Ayano	http://fr.dbpedia.org/resource/Uema_Ayano
Urša Kragelj	Urša Kragelj	http://fr.dbpedia.org/resource/Urša_Kragelj	http://dbpedia.org/resource/Urša_Kragelj
Utkirbek Haydarov	Utkirbek Haydarov	http://fr.dbpedia.org/resource/Utkirbek_Haydarov	http://dbpedia.org/resource/Utkirbek_Haydarov
Ulrich II de Neuchâtel	Ulrich II de Neuchâtel	http://fr.dbpedia.org/resource/Ulrich_II_de_Neuchâtel
Urgel-Eugène Archambault	Urgel Eugène Archambault	http://fr.dbpedia.org/resource/Urgel-Eugène_Archambault
Uberto Allucingoli	Uberto Allucingoli	http://fr.dbpedia.org/resource/Uberto_Allucingoli	http://dbpedia.org/resource/Uberto_Allucingoli
Uwe Dotzauer	Uwe Dotzauer	http://fr.dbpedia.org/resource/Uwe_Dotzauer	http://dbpedia.org/resource/Uwe_Dotzauer
Ulf Stenlund	Ulf Stenlund	http://fr.dbpedia.org/resource/Ulf_Stenlund	http://dbpedia.org/resource/Ulf_Stenlund
Ulrich Mathiot	Ulrich Mathiot	http://fr.dbpedia.org/resource/Ulrich_Mathiot	http://dbpedia.org/resource/Ulrich_Mathiot
Ukari Figgs	Ukari Figgs	http://fr.dbpedia.org/resource/Ukari_Figgs	http://dbpedia.org/resource/Ukari_Figgs
Udo Voigt	Udo Voigt	http://fr.dbpedia.org/resource/Udo_Voigt	http://dbpedia.org/resource/Udo_Voigt
Ulrich Stern	Ulrich Stern	http://fr.dbpedia.org/resource/Ulrich_Stern
Uma Thurman	Uma Thurman	http://fr.dbpedia.org/resource/Uma_Thurman	http://dbpedia.org/resource/Uma_Thurman
Thurman	Uma Thurman	http://fr.dbpedia.org/resource/Uma_Thurman	http://dbpedia.org/resource/Uma_Thurman
Uma Karuna Thurman	Uma Thurman	http://fr.dbpedia.org/resource/Uma_Thurman	http://dbpedia.org/resource/Uma_Thurman
Ursula Profanter	Ursula Profanter	http://fr.dbpedia.org/resource/Ursula_Profanter	http://dbpedia.org/resource/Ursula_Profanter
Uschi Profanter	Ursula Profanter	http://fr.dbpedia.org/resource/Ursula_Profanter	http://dbpedia.org/resource/Ursula_Profanter
Ubaldo Fillol	Ubaldo Fillol	http://fr.dbpedia.org/resource/Ubaldo_Fillol	http://dbpedia.org/resource/Ubaldo_Fillol
Ubaldo Matildo Fillol	Ubaldo Fillol	http://fr.dbpedia.org/resource/Ubaldo_Fillol	http://dbpedia.org/resource/Ubaldo_Fillol
Unshō Ishizuka	Unshō Ishizuka	http://fr.dbpedia.org/resource/Unshō_Ishizuka	http://dbpedia.org/resource/Unshō_Ishizuka
Unsho Ishizuka	Unshō Ishizuka	http://fr.dbpedia.org/resource/Unshō_Ishizuka	http://dbpedia.org/resource/Unshō_Ishizuka
Unshô Ishizuka	Unshō Ishizuka	http://fr.dbpedia.org/resource/Unshō_Ishizuka	http://dbpedia.org/resource/Unshō_Ishizuka
Uchter Knox	Uchter Knox	http://fr.dbpedia.org/resource/Uchter_Knox	http://dbpedia.org/resource/Uchter_Knox,_5th_Earl_of_Ranfurly
Ulrike Meyfarth	Ulrike Meyfarth	http://fr.dbpedia.org/resource/Ulrike_Meyfarth	http://dbpedia.org/resource/Ulrike_Meyfarth
Umek	Umek	http://fr.dbpedia.org/resource/Umek	http://dbpedia.org/resource/DJ_Umek
Uroš Umek	Umek	http://fr.dbpedia.org/resource/Umek	http://dbpedia.org/resource/DJ_Umek
Ulrik Jansson	Ulrik Jansson	http://fr.dbpedia.org/resource/Ulrik_Jansson	http://dbpedia.org/resource/Ulrik_Jansson
Ulrich Le Pen	Ulrich Le Pen	http://fr.dbpedia.org/resource/Ulrich_Le_Pen	http://dbpedia.org/resource/Ulrich_Le_Pen
Urszula Mayerin	Urszula Mayerin	http://fr.dbpedia.org/resource/Urszula_Mayerin	http://dbpedia.org/resource/Urszula_Meyerin
Ursula Gauthier	Ursula Gauthier	http://fr.dbpedia.org/resource/Ursula_Gauthier
Ulrich Becker	Ulrich Becker	http://fr.dbpedia.org/resource/Ulrich_Becker
Ute Rührold	Ute Rührold	http://fr.dbpedia.org/resource/Ute_Rührold	http://dbpedia.org/resource/Ute_Rührold
Unk	Unk	http://fr.dbpedia.org/resource/Unk	http://dbpedia.org/resource/Unk
DJ Unk	Unk	http://fr.dbpedia.org/resource/Unk	http://dbpedia.org/resource/Unk
Uichiro Hatta	Uichiro Hatta	http://fr.dbpedia.org/resource/Uichiro_Hatta	http://dbpedia.org/resource/Uichiro_Hatta
Ulrich van Gobbel	Ulrich van Gobbel	http://fr.dbpedia.org/resource/Ulrich_van_Gobbel	http://dbpedia.org/resource/Ulrich_van_Gobbel
Ulrich van gobbel	Ulrich van Gobbel	http://fr.dbpedia.org/resource/Ulrich_van_Gobbel	http://dbpedia.org/resource/Ulrich_van_Gobbel
Unai Expósito	Unai Expósito	http://fr.dbpedia.org/resource/Unai_Expósito	http://dbpedia.org/resource/Unai_Expósito
Unai Exposito	Unai Expósito	http://fr.dbpedia.org/resource/Unai_Expósito	http://dbpedia.org/resource/Unai_Expósito
Ulrike Tauber	Ulrike Tauber	http://fr.dbpedia.org/resource/Ulrike_Tauber	http://dbpedia.org/resource/Ulrike_Tauber
Ulderico Sergo	Ulderico Sergo	http://fr.dbpedia.org/resource/Ulderico_Sergo	http://dbpedia.org/resource/Ulderico_Sergo
Uwe Brauer	Uwe Brauer	http://fr.dbpedia.org/resource/Uwe_Brauer
Uriah Heep (personnage)	Uriah Heep (personnage)	http://fr.dbpedia.org/resource/Uriah_Heep_(personnage)	http://dbpedia.org/resource/Uriah_Heep
Uriah heep	Uriah Heep (personnage)	http://fr.dbpedia.org/resource/Uriah_Heep_(personnage)	http://dbpedia.org/resource/Uriah_Heep
Umberto Malvano	Umberto Malvano	http://fr.dbpedia.org/resource/Umberto_Malvano	http://dbpedia.org/resource/Umberto_Malvano
Ulf Sundelin	Ulf Sundelin	http://fr.dbpedia.org/resource/Ulf_Sundelin	http://dbpedia.org/resource/Ulf_Sundelin
Umberto Eco	Umberto Eco	http://fr.dbpedia.org/resource/Umberto_Eco	http://dbpedia.org/resource/Umberto_Eco
Uche Okechukwu	Uche Okechukwu	http://fr.dbpedia.org/resource/Uche_Okechukwu	http://dbpedia.org/resource/Uche_Okechukwu
Uli Aschenborn	Uli Aschenborn	http://fr.dbpedia.org/resource/Uli_Aschenborn	http://dbpedia.org/resource/Uli_Aschenborn
Uta Hagen	Uta Hagen	http://fr.dbpedia.org/resource/Uta_Hagen	http://dbpedia.org/resource/Uta_Hagen
Ueda Tatsuya	Ueda Tatsuya	http://fr.dbpedia.org/resource/Ueda_Tatsuya	http://dbpedia.org/resource/Tatsuya_Ueda
Tatsuya Ueda	Ueda Tatsuya	http://fr.dbpedia.org/resource/Ueda_Tatsuya	http://dbpedia.org/resource/Tatsuya_Ueda
Umberto Barberis	Umberto Barberis	http://fr.dbpedia.org/resource/Umberto_Barberis	http://dbpedia.org/resource/Umberto_Barberis
Ulrike Koch	Ulrike Koch	http://fr.dbpedia.org/resource/Ulrike_Koch	http://dbpedia.org/resource/Ulrike_Koch
Ute von Münchow-Pohl	Ute von Münchow Pohl	http://fr.dbpedia.org/resource/Ute_von_Münchow-Pohl
Ueli Gegenschatz	Ueli Gegenschatz	http://fr.dbpedia.org/resource/Ueli_Gegenschatz	http://dbpedia.org/resource/Ueli_Gegenschatz
Urbano Rattazzi	Urbano Rattazzi	http://fr.dbpedia.org/resource/Urbano_Rattazzi	http://dbpedia.org/resource/Urbano_Rattazzi
U Thant	U Thant	http://fr.dbpedia.org/resource/U_Thant	http://dbpedia.org/resource/U_Thant
Urmila Matondkar	Urmila Matondkar	http://fr.dbpedia.org/resource/Urmila_Matondkar	http://dbpedia.org/resource/Urmila_Matondkar
Urmila	Urmila Matondkar	http://fr.dbpedia.org/resource/Urmila_Matondkar	http://dbpedia.org/resource/Urmila_Matondkar
Urs Remond	Urs Remond	http://fr.dbpedia.org/resource/Urs_Remond
Ugo Fidélin	Ugo Fidélin	http://fr.dbpedia.org/resource/Ugo_Fidélin
Ugo Geremei	Ugo Geremei	http://fr.dbpedia.org/resource/Ugo_Geremei
Uvo Hölscher (philologue)	Uvo Hölscher (philologue)	http://fr.dbpedia.org/resource/Uvo_Hölscher_(philologue)
Uvo Hölscher	Uvo Hölscher (philologue)	http://fr.dbpedia.org/resource/Uvo_Hölscher_(philologue)
Uvo Holscher	Uvo Hölscher (philologue)	http://fr.dbpedia.org/resource/Uvo_Hölscher_(philologue)
Ulrich Zwingli	Ulrich Zwingli	http://fr.dbpedia.org/resource/Ulrich_Zwingli	http://dbpedia.org/resource/Huldrych_Zwingli
Huldreich Zwingli	Ulrich Zwingli	http://fr.dbpedia.org/resource/Ulrich_Zwingli	http://dbpedia.org/resource/Huldrych_Zwingli
Huldrych Zwingli	Ulrich Zwingli	http://fr.dbpedia.org/resource/Ulrich_Zwingli	http://dbpedia.org/resource/Huldrych_Zwingli
Uldrich Zwingli	Ulrich Zwingli	http://fr.dbpedia.org/resource/Ulrich_Zwingli	http://dbpedia.org/resource/Huldrych_Zwingli
Ulrich Zuingle	Ulrich Zwingli	http://fr.dbpedia.org/resource/Ulrich_Zwingli	http://dbpedia.org/resource/Huldrych_Zwingli
Zuingli	Ulrich Zwingli	http://fr.dbpedia.org/resource/Ulrich_Zwingli	http://dbpedia.org/resource/Huldrych_Zwingli
Zwingle	Ulrich Zwingli	http://fr.dbpedia.org/resource/Ulrich_Zwingli	http://dbpedia.org/resource/Huldrych_Zwingli
Zwingli	Ulrich Zwingli	http://fr.dbpedia.org/resource/Ulrich_Zwingli	http://dbpedia.org/resource/Huldrych_Zwingli
Zwinglianisme	Ulrich Zwingli	http://fr.dbpedia.org/resource/Ulrich_Zwingli	http://dbpedia.org/resource/Huldrych_Zwingli
Urraque Ire de León	Urraque Ire de León	http://fr.dbpedia.org/resource/Urraque_Ire_de_León	http://dbpedia.org/resource/Urraca_of_León_and_Castile
Urraque Ire de Castille	Urraque Ire de León	http://fr.dbpedia.org/resource/Urraque_Ire_de_León	http://dbpedia.org/resource/Urraca_of_León_and_Castile
Urraque ire de castille	Urraque Ire de León	http://fr.dbpedia.org/resource/Urraque_Ire_de_León	http://dbpedia.org/resource/Urraca_of_León_and_Castile
Uladzimir Dubroushchyk	Uladzimir Dubroushchyk	http://fr.dbpedia.org/resource/Uladzimir_Dubroushchyk	http://dbpedia.org/resource/Vladimir_Dubrovshchik
Vladimir Dubrovchik	Uladzimir Dubroushchyk	http://fr.dbpedia.org/resource/Uladzimir_Dubroushchyk	http://dbpedia.org/resource/Vladimir_Dubrovshchik
Vladimir Dubrovschik	Uladzimir Dubroushchyk	http://fr.dbpedia.org/resource/Uladzimir_Dubroushchyk	http://dbpedia.org/resource/Vladimir_Dubrovshchik
Vladimir Dubrovshchik	Uladzimir Dubroushchyk	http://fr.dbpedia.org/resource/Uladzimir_Dubroushchyk	http://dbpedia.org/resource/Vladimir_Dubrovshchik
Uno Holmberg-Harva	Uno Holmberg Harva	http://fr.dbpedia.org/resource/Uno_Holmberg-Harva
Uto Ughi	Uto Ughi	http://fr.dbpedia.org/resource/Uto_Ughi	http://dbpedia.org/resource/Uto_Ughi
Unai Yus	Unai Yus	http://fr.dbpedia.org/resource/Unai_Yus	http://dbpedia.org/resource/Unai_Yus
Ugo Visconti	Ugo Visconti	http://fr.dbpedia.org/resource/Ugo_Visconti
Urška Žolnir	Urška Žolnir	http://fr.dbpedia.org/resource/Urška_Žolnir	http://dbpedia.org/resource/Urška_Žolnir
Urska Zolnir	Urška Žolnir	http://fr.dbpedia.org/resource/Urška_Žolnir	http://dbpedia.org/resource/Urška_Žolnir
Uwe Corsepius	Uwe Corsepius	http://fr.dbpedia.org/resource/Uwe_Corsepius	http://dbpedia.org/resource/Uwe_Corsepius
Ursula Strauss	Ursula Strauss	http://fr.dbpedia.org/resource/Ursula_Strauss	http://dbpedia.org/resource/Ursula_Strauss
Urszula Kielan	Urszula Kielan	http://fr.dbpedia.org/resource/Urszula_Kielan	http://dbpedia.org/resource/Urszula_Kielan
Urban Hettich	Urban Hettich	http://fr.dbpedia.org/resource/Urban_Hettich	http://dbpedia.org/resource/Urban_Hettich
Uwe Gasch	Uwe Gasch	http://fr.dbpedia.org/resource/Uwe_Gasch	http://dbpedia.org/resource/Uwe_Gasch
Uglješa Bogunović	Uglješa Bogunović	http://fr.dbpedia.org/resource/Uglješa_Bogunović
Ugljesa Bogunovic	Uglješa Bogunović	http://fr.dbpedia.org/resource/Uglješa_Bogunović
Uri Valadão	Uri Valadão	http://fr.dbpedia.org/resource/Uri_Valadão
Uri Valadao	Uri Valadão	http://fr.dbpedia.org/resource/Uri_Valadão
Valadao	Uri Valadão	http://fr.dbpedia.org/resource/Uri_Valadão
Uriah Grant	Uriah Grant	http://fr.dbpedia.org/resource/Uriah_Grant	http://dbpedia.org/resource/Uriah_Grant
Ueli Maurer	Ueli Maurer	http://fr.dbpedia.org/resource/Ueli_Maurer	http://dbpedia.org/resource/Ueli_Maurer
Ulrich Rückriem	Ulrich Rückriem	http://fr.dbpedia.org/resource/Ulrich_Rückriem	http://dbpedia.org/resource/Ulrich_Rückriem
Ueli Bodenmann	Ueli Bodenmann	http://fr.dbpedia.org/resource/Ueli_Bodenmann	http://dbpedia.org/resource/Ueli_Bodenmann
Ulla Salzgeber	Ulla Salzgeber	http://fr.dbpedia.org/resource/Ulla_Salzgeber	http://dbpedia.org/resource/Ulla_Salzgeber
Udo Bölts	Udo Bölts	http://fr.dbpedia.org/resource/Udo_Bölts	http://dbpedia.org/resource/Udo_Bölts
Udo Bolts	Udo Bölts	http://fr.dbpedia.org/resource/Udo_Bölts	http://dbpedia.org/resource/Udo_Bölts
Ulf Durling	Ulf Durling	http://fr.dbpedia.org/resource/Ulf_Durling
Uğur Yıldırım	Uğur Yıldırım	http://fr.dbpedia.org/resource/Uğur_Yıldırım	http://dbpedia.org/resource/Uğur_Yıldırım
Ugur Yildirim	Uğur Yıldırım	http://fr.dbpedia.org/resource/Uğur_Yıldırım	http://dbpedia.org/resource/Uğur_Yıldırım
Umberto Mozzoni	Umberto Mozzoni	http://fr.dbpedia.org/resource/Umberto_Mozzoni	http://dbpedia.org/resource/Umberto_Mozzoni
Ursula Curtiss	Ursula Curtiss	http://fr.dbpedia.org/resource/Ursula_Curtiss
Ugo Ehiogu	Ugo Ehiogu	http://fr.dbpedia.org/resource/Ugo_Ehiogu	http://dbpedia.org/resource/Ugo_Ehiogu
Usthiax	Usthiax	http://fr.dbpedia.org/resource/Usthiax
Uğur İnceman	Uğur İnceman	http://fr.dbpedia.org/resource/Uğur_İnceman	http://dbpedia.org/resource/Uğur_İnceman
Ursula Haller Vannini	Ursula Haller Vannini	http://fr.dbpedia.org/resource/Ursula_Haller_Vannini
Ursula Haller	Ursula Haller Vannini	http://fr.dbpedia.org/resource/Ursula_Haller_Vannini
Uktamjon Rahmonov	Uktamjon Rahmonov	http://fr.dbpedia.org/resource/Uktamjon_Rahmonov	http://dbpedia.org/resource/Uktamjon_Rahmonov
Ursule Wibaut	Ursule Wibaut	http://fr.dbpedia.org/resource/Ursule_Wibaut
Udo Ulfkotte	Udo Ulfkotte	http://fr.dbpedia.org/resource/Udo_Ulfkotte	http://dbpedia.org/resource/Udo_Ulfkotte
Urban Meyer	Urban Meyer	http://fr.dbpedia.org/resource/Urban_Meyer	http://dbpedia.org/resource/Urban_Meyer
Uffe Ravnskov	Uffe Ravnskov	http://fr.dbpedia.org/resource/Uffe_Ravnskov	http://dbpedia.org/resource/Uffe_Ravnskov
Uwe Wegmann	Uwe Wegmann	http://fr.dbpedia.org/resource/Uwe_Wegmann	http://dbpedia.org/resource/Uwe_Wegmann
Umberto Masetti	Umberto Masetti	http://fr.dbpedia.org/resource/Umberto_Masetti	http://dbpedia.org/resource/Umberto_Masetti
Urs Schwaller	Urs Schwaller	http://fr.dbpedia.org/resource/Urs_Schwaller	http://dbpedia.org/resource/Urs_Schwaller
Ugo Amoretti	Ugo Amoretti	http://fr.dbpedia.org/resource/Ugo_Amoretti	http://dbpedia.org/resource/Ugo_Amoretti
Uroš Ćosić	Uroš Ćosić	http://fr.dbpedia.org/resource/Uroš_Ćosić	http://dbpedia.org/resource/Uroš_Ćosić
Ulrika Bengts	Ulrika Bengts	http://fr.dbpedia.org/resource/Ulrika_Bengts
Ulysse Capitaine	Ulysse Capitaine	http://fr.dbpedia.org/resource/Ulysse_Capitaine
Ursina Haller	Ursina Haller	http://fr.dbpedia.org/resource/Ursina_Haller	http://dbpedia.org/resource/Ursina_Haller
Ulrico Girardi	Ulrico Girardi	http://fr.dbpedia.org/resource/Ulrico_Girardi	http://dbpedia.org/resource/Ulrico_Girardi
Uwe Sauer (équitation)	Uwe Sauer (équitation)	http://fr.dbpedia.org/resource/Uwe_Sauer_(équitation)	http://dbpedia.org/resource/Uwe_Sauer
Uche Nwofor	Uche Nwofor	http://fr.dbpedia.org/resource/Uche_Nwofor	http://dbpedia.org/resource/Uche_Nwofor
Ultrogothe	Ultrogothe	http://fr.dbpedia.org/resource/Ultrogothe
Uatu	Uatu	http://fr.dbpedia.org/resource/Uatu	http://dbpedia.org/resource/Uatu
Uatu le Gardien	Uatu	http://fr.dbpedia.org/resource/Uatu	http://dbpedia.org/resource/Uatu
United Nations Space Command	United Nations Space Command	http://fr.dbpedia.org/resource/United_Nations_Space_Command	http://dbpedia.org/resource/Factions_of_Halo
CSNU	United Nations Space Command	http://fr.dbpedia.org/resource/United_Nations_Space_Command	http://dbpedia.org/resource/Factions_of_Halo
Commandement Spatial des Nations Unies	United Nations Space Command	http://fr.dbpedia.org/resource/United_Nations_Space_Command	http://dbpedia.org/resource/Factions_of_Halo
UNSC	United Nations Space Command	http://fr.dbpedia.org/resource/United_Nations_Space_Command	http://dbpedia.org/resource/Factions_of_Halo
M12 FAV Warthog	United Nations Space Command	http://fr.dbpedia.org/resource/United_Nations_Space_Command	http://dbpedia.org/resource/Factions_of_Halo
Ugobaldo degli Obizi	Ugobaldo degli Obizi	http://fr.dbpedia.org/resource/Ugobaldo_degli_Obizi
Uwe Raab	Uwe Raab	http://fr.dbpedia.org/resource/Uwe_Raab	http://dbpedia.org/resource/Uwe_Raab
Urbain V	Urbain V	http://fr.dbpedia.org/resource/Urbain_V	http://dbpedia.org/resource/Pope_Urban_V
Amphélise de Montferrand	Urbain V	http://fr.dbpedia.org/resource/Urbain_V	http://dbpedia.org/resource/Pope_Urban_V
Guillaume de Grimoard	Urbain V	http://fr.dbpedia.org/resource/Urbain_V	http://dbpedia.org/resource/Pope_Urban_V
Urbain 5	Urbain V	http://fr.dbpedia.org/resource/Urbain_V	http://dbpedia.org/resource/Pope_Urban_V
Urbano V	Urbain V	http://fr.dbpedia.org/resource/Urbain_V	http://dbpedia.org/resource/Pope_Urban_V
Urbanus V	Urbain V	http://fr.dbpedia.org/resource/Urbain_V	http://dbpedia.org/resource/Pope_Urban_V
Urho Peltonen	Urho Peltonen	http://fr.dbpedia.org/resource/Urho_Peltonen	http://dbpedia.org/resource/Urho_Peltonen
Ute Thimm	Ute Thimm	http://fr.dbpedia.org/resource/Ute_Thimm	http://dbpedia.org/resource/Ute_Thimm
Uberto da Pirovano	Uberto da Pirovano	http://fr.dbpedia.org/resource/Uberto_da_Pirovano
Ulrich Wille	Ulrich Wille	http://fr.dbpedia.org/resource/Ulrich_Wille	http://dbpedia.org/resource/Ulrich_Wille
Udo Kier	Udo Kier	http://fr.dbpedia.org/resource/Udo_Kier	http://dbpedia.org/resource/Udo_Kier
Uwe Sauer (basket-ball)	Uwe Sauer (basket ball)	http://fr.dbpedia.org/resource/Uwe_Sauer_(basket-ball)
Umberto Pinardi	Umberto Pinardi	http://fr.dbpedia.org/resource/Umberto_Pinardi	http://dbpedia.org/resource/Umberto_Pinardi
Ulrich Roth	Ulrich Roth	http://fr.dbpedia.org/resource/Ulrich_Roth	http://dbpedia.org/resource/Uli_Jon_Roth
Uli Jon Roth	Ulrich Roth	http://fr.dbpedia.org/resource/Ulrich_Roth	http://dbpedia.org/resource/Uli_Jon_Roth
U.S. Agent	U.S. Agent	http://fr.dbpedia.org/resource/U.S._Agent	http://dbpedia.org/resource/U.S._Agent
USAgent	U.S. Agent	http://fr.dbpedia.org/resource/U.S._Agent	http://dbpedia.org/resource/U.S._Agent
US Agent	U.S. Agent	http://fr.dbpedia.org/resource/U.S._Agent	http://dbpedia.org/resource/U.S._Agent
Ulrich Biesinger	Ulrich Biesinger	http://fr.dbpedia.org/resource/Ulrich_Biesinger	http://dbpedia.org/resource/Ulrich_Biesinger
Ulf Schmidt	Ulf Schmidt	http://fr.dbpedia.org/resource/Ulf_Schmidt	http://dbpedia.org/resource/Ulf_Schmidt
Unai Elorriaga	Unai Elorriaga	http://fr.dbpedia.org/resource/Unai_Elorriaga	http://dbpedia.org/resource/Unai_Elorriaga
Unai Elorriaga Zubiaur	Unai Elorriaga	http://fr.dbpedia.org/resource/Unai_Elorriaga	http://dbpedia.org/resource/Unai_Elorriaga
Uberto Ratta	Uberto Ratta	http://fr.dbpedia.org/resource/Uberto_Ratta	http://dbpedia.org/resource/Uberto_Lanfranchi
Uberto Lanfranchi	Uberto Ratta	http://fr.dbpedia.org/resource/Uberto_Ratta	http://dbpedia.org/resource/Uberto_Lanfranchi
Ute Oberhoffner	Ute Oberhoffner	http://fr.dbpedia.org/resource/Ute_Oberhoffner	http://dbpedia.org/resource/Ute_Oberhoffner
Ute Oberhoffner-Weiss	Ute Oberhoffner	http://fr.dbpedia.org/resource/Ute_Oberhoffner	http://dbpedia.org/resource/Ute_Oberhoffner
Ute Weiss	Ute Oberhoffner	http://fr.dbpedia.org/resource/Ute_Oberhoffner	http://dbpedia.org/resource/Ute_Oberhoffner
Ubaldo Nestor Sacco	Ubaldo Nestor Sacco	http://fr.dbpedia.org/resource/Ubaldo_Nestor_Sacco	http://dbpedia.org/resource/Ubaldo_Nestor_Sacco
Ubbon Emmius	Ubbon Emmius	http://fr.dbpedia.org/resource/Ubbon_Emmius	http://dbpedia.org/resource/Ubbo_Emmius
Utamaro	Utamaro	http://fr.dbpedia.org/resource/Utamaro	http://dbpedia.org/resource/Utamaro
Kitagawa Utamaro	Utamaro	http://fr.dbpedia.org/resource/Utamaro	http://dbpedia.org/resource/Utamaro
Outamaro	Utamaro	http://fr.dbpedia.org/resource/Utamaro	http://dbpedia.org/resource/Utamaro
Utamaro Kitagawa	Utamaro	http://fr.dbpedia.org/resource/Utamaro	http://dbpedia.org/resource/Utamaro
Urs Lott	Urs Lott	http://fr.dbpedia.org/resource/Urs_Lott
UniKKatiL	UniKKatiL	http://fr.dbpedia.org/resource/UniKKatiL	http://dbpedia.org/resource/Unikkatil
The Bloody Alboz	UniKKatiL	http://fr.dbpedia.org/resource/UniKKatiL	http://dbpedia.org/resource/Unikkatil
Unikkatil	UniKKatiL	http://fr.dbpedia.org/resource/UniKKatiL	http://dbpedia.org/resource/Unikkatil
Urbano Tavares Rodrigues	Urbano Tavares Rodrigues	http://fr.dbpedia.org/resource/Urbano_Tavares_Rodrigues	http://dbpedia.org/resource/Urbano_Tavares_Rodrigues
Urantsetseg Munkhbat	Urantsetseg Munkhbat	http://fr.dbpedia.org/resource/Urantsetseg_Munkhbat	http://dbpedia.org/resource/Mönkhbatyn_Urantsetseg
Mönkhbatyn Urantsetseg	Urantsetseg Munkhbat	http://fr.dbpedia.org/resource/Urantsetseg_Munkhbat	http://dbpedia.org/resource/Mönkhbatyn_Urantsetseg
Umberto Saba	Umberto Saba	http://fr.dbpedia.org/resource/Umberto_Saba	http://dbpedia.org/resource/Umberto_Saba
Umberto Poli	Umberto Saba	http://fr.dbpedia.org/resource/Umberto_Saba	http://dbpedia.org/resource/Umberto_Saba
Ulf Isaksson	Ulf Isaksson	http://fr.dbpedia.org/resource/Ulf_Isaksson	http://dbpedia.org/resource/Ulf_Isaksson
Ugo Ferrante	Ugo Ferrante	http://fr.dbpedia.org/resource/Ugo_Ferrante	http://dbpedia.org/resource/Ugo_Ferrante
Ushida Findlay Architects	Ushida Findlay Architects	http://fr.dbpedia.org/resource/Ushida_Findlay_Architects	http://dbpedia.org/resource/Ushida_Findlay_Architects
Ula Valkenburg	Ula Valkenburg	http://fr.dbpedia.org/resource/Ula_Valkenburg
Ugueth Urbina	Ugueth Urbina	http://fr.dbpedia.org/resource/Ugueth_Urbina	http://dbpedia.org/resource/Ugueth_Urbina
Uwe Ampler	Uwe Ampler	http://fr.dbpedia.org/resource/Uwe_Ampler	http://dbpedia.org/resource/Uwe_Ampler
Ubaldo Maria Del Colle	Ubaldo Maria Del Colle	http://fr.dbpedia.org/resource/Ubaldo_Maria_Del_Colle
Urbain de Laval Boisdauphin	Urbain de Laval Boisdauphin	http://fr.dbpedia.org/resource/Urbain_de_Laval_Boisdauphin
Urbain de laval boisdauphin	Urbain de Laval Boisdauphin	http://fr.dbpedia.org/resource/Urbain_de_Laval_Boisdauphin
Urbain de Montmorency-Laval	Urbain de Laval Boisdauphin	http://fr.dbpedia.org/resource/Urbain_de_Laval_Boisdauphin
Urbain de Laval-Boisdauphin	Urbain de Laval Boisdauphin	http://fr.dbpedia.org/resource/Urbain_de_Laval_Boisdauphin
Urbain de Laval Bois-Dauphin	Urbain de Laval Boisdauphin	http://fr.dbpedia.org/resource/Urbain_de_Laval_Boisdauphin
Urbain de Montmorency-Laval Boisdauphin	Urbain de Laval Boisdauphin	http://fr.dbpedia.org/resource/Urbain_de_Laval_Boisdauphin
Urbain Ier de Laval-Bois-Dauphin	Urbain de Laval Boisdauphin	http://fr.dbpedia.org/resource/Urbain_de_Laval_Boisdauphin
Maréchal de Bois-Dauphin	Urbain de Laval Boisdauphin	http://fr.dbpedia.org/resource/Urbain_de_Laval_Boisdauphin
Maréchal de Boisdauphin	Urbain de Laval Boisdauphin	http://fr.dbpedia.org/resource/Urbain_de_Laval_Boisdauphin
Urbain de Bois-Dauphin	Urbain de Laval Boisdauphin	http://fr.dbpedia.org/resource/Urbain_de_Laval_Boisdauphin
Umberto Colombo (football)	Umberto Colombo (football)	http://fr.dbpedia.org/resource/Umberto_Colombo_(football)	http://dbpedia.org/resource/Umberto_Colombo_(footballer)
Umberto Colombo	Umberto Colombo (football)	http://fr.dbpedia.org/resource/Umberto_Colombo_(football)	http://dbpedia.org/resource/Umberto_Colombo_(footballer)
Ulla Tørnæs	Ulla Tørnæs	http://fr.dbpedia.org/resource/Ulla_Tørnæs	http://dbpedia.org/resource/Ulla_Tørnæs
Uranius Antoninus	Uranius Antoninus	http://fr.dbpedia.org/resource/Uranius_Antoninus	http://dbpedia.org/resource/Uranius
Uwe Barschel	Uwe Barschel	http://fr.dbpedia.org/resource/Uwe_Barschel	http://dbpedia.org/resource/Uwe_Barschel
Ulrike Holmer	Ulrike Holmer	http://fr.dbpedia.org/resource/Ulrike_Holmer	http://dbpedia.org/resource/Ulrike_Holmer
Ugo Pasquale Mifsud	Ugo Pasquale Mifsud	http://fr.dbpedia.org/resource/Ugo_Pasquale_Mifsud	http://dbpedia.org/resource/Ugo_Pasquale_Mifsud
Ugo Pierleoni (cardinal, 1171)	Ugo Pierleoni (cardinal, 1171)	http://fr.dbpedia.org/resource/Ugo_Pierleoni_(cardinal,_1171)
Ugo Pierleoni	Ugo Pierleoni (cardinal, 1171)	http://fr.dbpedia.org/resource/Ugo_Pierleoni_(cardinal,_1171)
Uschi Digard	Uschi Digard	http://fr.dbpedia.org/resource/Uschi_Digard	http://dbpedia.org/resource/Uschi_Digard
Ulf Wakenius	Ulf Wakenius	http://fr.dbpedia.org/resource/Ulf_Wakenius	http://dbpedia.org/resource/Ulf_Wakenius
Ulrich Ier de Neuchâtel	Ulrich Ier de Neuchâtel	http://fr.dbpedia.org/resource/Ulrich_Ier_de_Neuchâtel
Ugo Pietro Spinola	Ugo Pietro Spinola	http://fr.dbpedia.org/resource/Ugo_Pietro_Spinola	http://dbpedia.org/resource/Ugo_Pietro_Spinola
Unity Mitford	Unity Mitford	http://fr.dbpedia.org/resource/Unity_Mitford	http://dbpedia.org/resource/Unity_Mitford
Unity Valkyrie Mitford	Unity Mitford	http://fr.dbpedia.org/resource/Unity_Mitford	http://dbpedia.org/resource/Unity_Mitford
Ulf Hielscher	Ulf Hielscher	http://fr.dbpedia.org/resource/Ulf_Hielscher	http://dbpedia.org/resource/Ulf_Hielscher
Ulisse Giuseppe Gozzadini	Ulisse Giuseppe Gozzadini	http://fr.dbpedia.org/resource/Ulisse_Giuseppe_Gozzadini	http://dbpedia.org/resource/Ulisse_Giuseppe_Gozzadini
Ute Hasse	Ute Hasse	http://fr.dbpedia.org/resource/Ute_Hasse	http://dbpedia.org/resource/Ute_Hasse
Ursula K. Le Guin	Ursula K. Le Guin	http://fr.dbpedia.org/resource/Ursula_K._Le_Guin	http://dbpedia.org/resource/Ursula_K._Le_Guin
Ursula Kroeber Le Guin	Ursula K. Le Guin	http://fr.dbpedia.org/resource/Ursula_K._Le_Guin	http://dbpedia.org/resource/Ursula_K._Le_Guin
Ursula Le Guin	Ursula K. Le Guin	http://fr.dbpedia.org/resource/Ursula_K._Le_Guin	http://dbpedia.org/resource/Ursula_K._Le_Guin
Ursula le Guin	Ursula K. Le Guin	http://fr.dbpedia.org/resource/Ursula_K._Le_Guin	http://dbpedia.org/resource/Ursula_K._Le_Guin
Umberto Agnelli	Umberto Agnelli	http://fr.dbpedia.org/resource/Umberto_Agnelli	http://dbpedia.org/resource/Umberto_Agnelli
Uli Kusch	Uli Kusch	http://fr.dbpedia.org/resource/Uli_Kusch	http://dbpedia.org/resource/Uli_Kusch
Ugo Tognazzi	Ugo Tognazzi	http://fr.dbpedia.org/resource/Ugo_Tognazzi	http://dbpedia.org/resource/Ugo_Tognazzi
Urbain de Maillé	Urbain de Maillé	http://fr.dbpedia.org/resource/Urbain_de_Maillé	http://dbpedia.org/resource/Urbain_de_Maillé-Brézé
Urbain de Maille-Breze	Urbain de Maillé	http://fr.dbpedia.org/resource/Urbain_de_Maillé	http://dbpedia.org/resource/Urbain_de_Maillé-Brézé
Urbain de Maillé-Brézé	Urbain de Maillé	http://fr.dbpedia.org/resource/Urbain_de_Maillé	http://dbpedia.org/resource/Urbain_de_Maillé-Brézé
Urbain de maillé-brézé	Urbain de Maillé	http://fr.dbpedia.org/resource/Urbain_de_Maillé	http://dbpedia.org/resource/Urbain_de_Maillé-Brézé
Ulysse Fabre	Ulysse Fabre	http://fr.dbpedia.org/resource/Ulysse_Fabre
Uini Atonio	Uini Atonio	http://fr.dbpedia.org/resource/Uini_Atonio	http://dbpedia.org/resource/Uini_Atonio
Atonio Uini	Uini Atonio	http://fr.dbpedia.org/resource/Uini_Atonio	http://dbpedia.org/resource/Uini_Atonio
Unai Etxebarria	Unai Etxebarria	http://fr.dbpedia.org/resource/Unai_Etxebarria	http://dbpedia.org/resource/Unai_Etxebarria
Unaï Etxebarria	Unai Etxebarria	http://fr.dbpedia.org/resource/Unai_Etxebarria	http://dbpedia.org/resource/Unai_Etxebarria
Unai Etxebarria Arana	Unai Etxebarria	http://fr.dbpedia.org/resource/Unai_Etxebarria	http://dbpedia.org/resource/Unai_Etxebarria
Unai Etxebarría	Unai Etxebarria	http://fr.dbpedia.org/resource/Unai_Etxebarria	http://dbpedia.org/resource/Unai_Etxebarria
Uroš Tripković	Uroš Tripković	http://fr.dbpedia.org/resource/Uroš_Tripković	http://dbpedia.org/resource/Uroš_Tripković
Uros Tripkovic	Uroš Tripković	http://fr.dbpedia.org/resource/Uroš_Tripković	http://dbpedia.org/resource/Uroš_Tripković
Uwe Hohn	Uwe Hohn	http://fr.dbpedia.org/resource/Uwe_Hohn	http://dbpedia.org/resource/Uwe_Hohn
Urban Federer	Urban Federer	http://fr.dbpedia.org/resource/Urban_Federer
Ulpia Severina	Ulpia Severina	http://fr.dbpedia.org/resource/Ulpia_Severina	http://dbpedia.org/resource/Ulpia_Severina
Urbain VI	Urbain VI	http://fr.dbpedia.org/resource/Urbain_VI	http://dbpedia.org/resource/Pope_Urban_VI
Bartolemeo Prignano	Urbain VI	http://fr.dbpedia.org/resource/Urbain_VI	http://dbpedia.org/resource/Pope_Urban_VI
Ulrich Robeiri	Ulrich Robeiri	http://fr.dbpedia.org/resource/Ulrich_Robeiri	http://dbpedia.org/resource/Ulrich_Robeiri
Ullrich Robeiri	Ulrich Robeiri	http://fr.dbpedia.org/resource/Ulrich_Robeiri	http://dbpedia.org/resource/Ulrich_Robeiri
Ulrich Ier de Frise orientale	Ulrich Ier de Frise orientale	http://fr.dbpedia.org/resource/Ulrich_Ier_de_Frise_orientale	http://dbpedia.org/resource/Ulrich_I,_Count_of_East_Frisia
Ulrich Bräker	Ulrich Bräker	http://fr.dbpedia.org/resource/Ulrich_Bräker	http://dbpedia.org/resource/Ulrich_Bräker
Ugo d'Alatri	Ugo d' Alatri	http://fr.dbpedia.org/resource/Ugo_d'Alatri
Ueda Akinari	Ueda Akinari	http://fr.dbpedia.org/resource/Ueda_Akinari	http://dbpedia.org/resource/Ueda_Akinari
Ueda akinari	Ueda Akinari	http://fr.dbpedia.org/resource/Ueda_Akinari	http://dbpedia.org/resource/Ueda_Akinari
Uéda Akinari	Ueda Akinari	http://fr.dbpedia.org/resource/Ueda_Akinari	http://dbpedia.org/resource/Ueda_Akinari
Unanimik de Toul	Unanimik de Toul	http://fr.dbpedia.org/resource/Unanimik_de_Toul
Uili Kolo'ofai	Uili Kolo' ofai	http://fr.dbpedia.org/resource/Uili_Kolo'ofai	http://dbpedia.org/resource/Uili_Kolo'ofai
Ubaldesco Baldi	Ubaldesco Baldi	http://fr.dbpedia.org/resource/Ubaldesco_Baldi	http://dbpedia.org/resource/Ubaldesco_Baldi
